t_s,cmd_turns,pos_turns,vel_tps,trq_Nm
0,-0.05158,-0.05364,0.0015,0.0106
0.01,-0.05161,-0.05378,-0.0006,0.005
0.02,-0.05164,-0.05365,0.0002,0.0235
0.03,-0.05167,-0.05361,-0.0012,0.0209
0.04,-0.0517,-0.05374,-0.0003,0.0098
0.05,-0.05173,-0.05374,0.0009,0.0095
0.06,-0.05175,-0.05367,-0.0006,0.0171
0.07,-0.05173,-0.05374,0.0011,0.009
0.08,-0.05167,-0.05373,-0.0018,0.0062
0.09,-0.05159,-0.05371,0.0014,0.0077
0.1,-0.05151,-0.05376,-0.0005,0.0047
0.11,-0.05143,-0.05373,-0.0009,0.0158
0.12,-0.05135,-0.05368,-0.0013,0.0015
0.13,-0.05126,-0.0537,0.0002,0.0179
0.14,-0.05111,-0.0537,0.0013,-0.0018
0.15,-0.05093,-0.05365,0.0004,0.0138
0.16,-0.05074,-0.05375,-0.0021,0.0183
0.17,-0.05055,-0.05358,0.0015,0.004
0.18,-0.05035,-0.05367,0.0003,0.0117
0.19,-0.05016,-0.05373,-0.0027,0.0197
0.2,-0.04994,-0.0537,0.0006,0.0051
0.21,-0.04971,-0.05373,-0.0001,0.0188
0.22,-0.04945,-0.05361,0.0012,0.0101
0.23,-0.04918,-0.05366,-0.0007,0.0075
0.24,-0.04892,-0.05364,0.0009,0.0272
0.25,-0.04866,-0.05376,0.0011,0.0075
0.26,-0.0484,-0.05369,0.0007,0.0113
0.27,-0.04813,-0.05357,-0.0002,0.03
0.28,-0.04784,-0.0537,0.0014,0.0192
0.29,-0.04755,-0.05369,0.0008,0.0357
0.3,-0.04726,-0.05369,0.0001,0.0271
0.31,-0.04697,-0.05374,0.001,0.0224
0.32,-0.04668,-0.05371,0.0011,0.0241
0.33,-0.04639,-0.05362,0.0021,0.0246
0.34,-0.0461,-0.05368,0.0012,0.0119
0.35,-0.04581,-0.05369,-0.0004,0.026
0.36,-0.04552,-0.05365,-0.0018,0.037
0.37,-0.04522,-0.05373,-0.0021,0.0263
0.38,-0.04493,-0.05363,0.0007,0.0375
0.39,-0.04464,-0.05378,0.0008,0.0214
0.4,-0.04434,-0.0537,0.0005,0.0234
0.41,-0.04405,-0.05367,-0.0023,0.0322
0.42,-0.04376,-0.05367,-0.0024,0.0182
0.43,-0.04347,-0.05374,-0.0006,0.0325
0.44,-0.04318,-0.05369,-0.0019,0.0298
0.45,-0.04289,-0.05371,0.0004,0.0305
0.46,-0.0426,-0.05365,-0.0008,0.0449
0.47,-0.04231,-0.05363,-0.002,0.0324
0.48,-0.04203,-0.05364,0.0007,0.0362
0.49,-0.04174,-0.05374,-0.0027,0.0327
0.5,-0.04146,-0.05366,0.0021,0.0307
0.51,-0.04117,-0.05364,0.0003,0.0356
0.52,-0.04089,-0.0536,0.0026,0.0373
0.53,-0.0406,-0.05367,0.0009,0.045
0.54,-0.04032,-0.05375,-0.0001,0.0471
0.55,-0.04004,-0.05362,-0.0018,0.044
0.56,-0.03977,-0.05383,-0.0011,0.0446
0.57,-0.03949,-0.05361,-0.0011,0.0503
0.58,-0.03921,-0.05366,-0.0004,0.0409
0.59,-0.03893,-0.05366,-0.0009,0.048
0.6,-0.03865,-0.05376,-0.0014,0.0458
0.61,-0.03838,-0.05372,0.0015,0.0547
0.62,-0.0381,-0.05378,0.0031,0.0447
0.63,-0.03783,-0.05372,-0.0009,0.0521
0.64,-0.03756,-0.05363,0.0009,0.0616
0.65,-0.03729,-0.05365,0.0015,0.0631
0.66,-0.03701,-0.05363,-0.001,0.0524
0.67,-0.03674,-0.05367,-0.0008,0.0565
0.68,-0.03647,-0.05368,-0.0002,0.0513
0.69,-0.03621,-0.05365,-0.0008,0.0663
0.7,-0.03594,-0.0538,-0.0015,0.054
0.71,-0.03567,-0.05366,0.0001,0.0682
0.72,-0.03541,-0.05376,0.0001,0.0673
0.73,-0.03514,-0.05371,-0.0008,0.065
0.74,-0.03488,-0.0537,-0.0015,0.0589
0.75,-0.03462,-0.0537,0.0006,0.0757
0.76,-0.03436,-0.05365,-0.0001,0.0665
0.77,-0.0341,-0.05373,0.0002,0.0716
0.78,-0.03384,-0.05365,0.0012,0.0724
0.79,-0.03358,-0.05358,0.0014,0.0797
0.8,-0.03331,-0.05368,0.0012,0.074
0.81,-0.03306,-0.05374,0.0009,0.0851
0.82,-0.03281,-0.05374,0.0003,0.0878
0.83,-0.03256,-0.0537,-0.003,0.0787
0.84,-0.03231,-0.05372,0.0009,0.071
0.85,-0.03205,-0.05362,-0.0002,0.0839
0.86,-0.0318,-0.0537,-0.0011,0.0713
0.87,-0.03155,-0.05376,-0.0019,0.0826
0.88,-0.03131,-0.05368,-0.0009,0.0824
0.89,-0.03106,-0.05371,-0.0012,0.0928
0.9,-0.03082,-0.05368,-0.0018,0.0943
0.91,-0.03057,-0.05366,0.0003,0.0888
0.92,-0.03033,-0.05365,0.0007,0.0848
0.93,-0.03008,-0.05367,0.0011,0.0822
0.94,-0.02984,-0.05371,0.0005,0.0791
0.95,-0.0296,-0.05367,0.0002,0.0926
0.96,-0.02936,-0.05365,0.0003,0.0993
0.97,-0.02912,-0.05374,-0.0008,0.0952
0.98,-0.02888,-0.05369,0.0004,0.099
0.99,-0.02864,-0.05373,0.0026,0.1064
1,-0.02841,-0.05367,0.0007,0.0967
1.01,-0.02817,-0.05371,0.0008,0.1203
1.02,-0.02794,-0.05369,-0.0003,0.0967
1.03,-0.02771,-0.05364,-0.0003,0.1146
1.04,-0.02748,-0.05368,-0.0007,0.1182
1.05,-0.02725,-0.05364,0,0.1079
1.06,-0.02701,-0.05377,0.001,0.1093
1.07,-0.02678,-0.0537,0.0009,0.1181
1.08,-0.02656,-0.0537,0.0005,0.1146
1.09,-0.02633,-0.05372,0.0025,0.1144
1.1,-0.02611,-0.05371,-0,0.1176
1.11,-0.02588,-0.05362,-0,0.1124
1.12,-0.02566,-0.05368,0.0006,0.1315
1.13,-0.02544,-0.05367,0.0006,0.132
1.14,-0.02522,-0.05374,0.0022,0.1359
1.15,-0.025,-0.05371,0.0014,0.1306
1.16,-0.02478,-0.05366,-0.0008,0.1419
1.17,-0.02456,-0.05374,0.0015,0.1324
1.18,-0.02435,-0.05368,0.0008,0.1227
1.19,-0.02413,-0.05357,-0.002,0.1401
1.2,-0.02391,-0.05361,0.0022,0.149
1.21,-0.0237,-0.05361,-0.0001,0.1437
1.22,-0.02349,-0.0537,-0.0011,0.1474
1.23,-0.02328,-0.05375,0.0002,0.136
1.24,-0.02308,-0.05364,-0.0012,0.1452
1.25,-0.02287,-0.0537,-0.0005,0.1431
1.26,-0.02266,-0.0537,0.0014,0.1447
1.27,-0.02245,-0.05361,0.0016,0.1499
1.28,-0.02225,-0.05373,0.0041,0.1464
1.29,-0.02205,-0.05363,0.002,0.1507
1.3,-0.02185,-0.05362,0.0048,0.14
1.31,-0.02165,-0.05357,0.0072,0.1501
1.32,-0.02145,-0.0535,0.0095,0.1599
1.33,-0.02126,-0.05333,0.0113,0.1627
1.34,-0.02107,-0.05318,0.0116,0.1589
1.35,-0.02088,-0.05316,0.0125,0.185
1.36,-0.0207,-0.05296,0.0148,0.1587
1.37,-0.02051,-0.05278,0.0165,0.1561
1.38,-0.02033,-0.05264,0.0174,0.1944
1.39,-0.02015,-0.05231,0.0205,0.1874
1.4,-0.01998,-0.05214,0.0195,0.1634
1.41,-0.01982,-0.05189,0.0232,0.1677
1.42,-0.01968,-0.05167,0.0234,0.1277
1.43,-0.01954,-0.05145,0.0234,0.1878
1.44,-0.0194,-0.05132,0.0276,0.1633
1.45,-0.01926,-0.05112,0.0327,0.1382
1.46,-0.01913,-0.05072,0.0339,0.1202
1.47,-0.01901,-0.05046,0.0387,0.1707
1.48,-0.01895,-0.05004,0.0438,0.169
1.49,-0.01889,-0.04977,0.0476,0.1762
1.5,-0.01883,-0.04944,0.0506,0.168
1.51,-0.01877,-0.04903,0.0532,0.1418
1.52,-0.01871,-0.04856,0.0637,0.142
1.53,-0.01867,-0.04809,0.0648,0.1565
1.54,-0.01864,-0.04755,0.0686,0.1342
1.55,-0.01866,-0.04716,0.0764,0.1549
1.56,-0.01867,-0.04665,0.0797,0.1657
1.57,-0.01868,-0.04584,0.0843,0.1563
1.58,-0.01869,-0.0452,0.0907,0.1232
1.59,-0.0208,-0.04442,0.0991,0.1621
1.6,-0.02429,-0.04333,0.105,0.1386
1.61,-0.02437,-0.04257,0.113,0.1322
1.62,-0.02446,-0.04073,0.1225,0.1608
1.63,-0.02454,-0.03924,0.1302,0.1406
1.64,-0.02462,-0.03711,0.133,0.1633
1.65,-0.02471,-0.03577,0.1353,0.1867
1.66,-0.02479,-0.03424,0.1288,0.0968
1.67,-0.02492,-0.03265,0.1293,0.1201
1.68,-0.02509,-0.03113,0.1258,0.0997
1.69,-0.02528,-0.02995,0.1228,0.0989
1.7,-0.02547,-0.02903,0.1222,0.1172
1.71,-0.02565,-0.02818,0.1239,0.1099
1.72,-0.02584,-0.02712,0.126,0.1064
1.73,-0.02603,-0.02619,0.1259,0.1101
1.74,-0.02625,-0.02529,0.1219,0.0884
1.75,-0.02649,-0.02447,0.1225,0.0598
1.76,-0.02672,-0.02338,0.1262,0.0814
1.77,-0.02696,-0.02231,0.1299,0.0724
1.78,-0.0272,-0.021,0.1325,0.0849
1.79,-0.02744,-0.01928,0.137,0.0746
1.8,-0.02768,-0.01806,0.14,0.1089
1.81,-0.02793,-0.01595,0.1408,0.1485
1.82,-0.02819,-0.01409,0.1322,0.0747
1.83,-0.02845,-0.01237,0.1277,0.0537
1.84,-0.02871,-0.01074,0.1228,0.0751
1.85,-0.02896,-0.00946,0.115,0.0551
1.86,-0.02922,-0.00843,0.1109,0.0427
1.87,-0.02948,-0.00749,0.1084,0.0568
1.88,-0.02975,-0.00672,0.1043,0.0549
1.89,-0.03001,-0.0059,0.0988,0.0371
1.9,-0.03028,-0.00523,0.0954,0.0552
1.91,-0.03054,-0.00463,0.0938,0.0413
1.92,-0.03081,-0.00407,0.0862,0.0476
1.93,-0.03107,-0.00338,0.0838,0.028
1.94,-0.03134,-0.00281,0.0787,0.019
1.95,-0.03161,-0.00219,0.0751,0.0189
1.96,-0.03188,-0.00175,0.0712,0.0258
1.97,-0.03215,-0.0009,0.0699,0.0215
1.98,-0.03241,-9e-05,0.0671,0.031
1.99,-0.03268,0.00063,0.0648,0.0399
2,-0.03295,0.0017,0.0609,0.0161
2.01,-0.03322,0.0038,0.0471,0.0078
2.02,-0.03349,0.00431,0.0411,0.0071
2.03,-0.03376,0.00486,0.0362,0.0197
2.04,-0.03402,0.00541,0.0307,0.0081
2.05,-0.03429,0.0056,0.027,-0.0013
2.06,-0.03456,0.00593,0.0224,0.0066
2.07,-0.03483,0.00609,0.0151,0.0075
2.08,-0.03509,0.0062,0.0049,0.0037
2.09,-0.03536,0.00622,0.0041,-0.0063
2.1,-0.03563,0.00622,0.0018,-0.0134
2.11,-0.03589,0.00632,0.0017,-0.0125
2.12,-0.03616,0.00622,0.0013,-0.0159
2.13,-0.03643,0.00621,-0.0024,-0.0256
2.14,-0.03669,0.00631,-0.0002,-0.0253
2.15,-0.03695,0.00628,-0.0013,-0.0212
2.16,-0.03721,0.00628,-0.0003,-0.0207
2.17,-0.03748,0.00622,0.0008,-0.0283
2.18,-0.03774,0.0062,-0.0021,-0.0295
2.19,-0.038,0.00627,-0,-0.0322
2.2,-0.03826,0.00628,-0.0003,-0.0437
2.21,-0.03852,0.00623,-0.0014,-0.0327
2.22,-0.03878,0.00619,0.0013,-0.036
2.23,-0.03904,0.00629,-0.0026,-0.0333
2.24,-0.03929,0.00628,-0.0012,-0.0474
2.25,-0.03955,0.00626,-0.0016,-0.0495
2.26,-0.03981,0.0063,0.0024,-0.0406
2.27,-0.04006,0.00626,-0.001,-0.0557
2.28,-0.04031,0.00632,-0.0017,-0.0612
2.29,-0.04057,0.00624,-0.0004,-0.0528
2.3,-0.04082,0.00624,-0,-0.0564
2.31,-0.04107,0.00624,-0.0029,-0.0637
2.32,-0.04132,0.00629,-0.0008,-0.0569
2.33,-0.04157,0.00626,-0.0001,-0.0719
2.34,-0.04182,0.0063,0.0002,-0.065
2.35,-0.04206,0.0063,-0.0021,-0.0724
2.36,-0.04231,0.00624,-0.0002,-0.0738
2.37,-0.04255,0.00635,-0.0018,-0.0798
2.38,-0.04279,0.00622,-0.0024,-0.0778
2.39,-0.04304,0.0063,-0.0007,-0.0818
2.4,-0.04328,0.00629,-0.0029,-0.0792
2.41,-0.04352,0.00619,-0.0024,-0.0892
2.42,-0.04375,0.00617,0.0007,-0.0815
2.43,-0.04398,0.00624,-0.0007,-0.0924
2.44,-0.04422,0.0063,-0.0022,-0.083
2.45,-0.04445,0.00624,-0.0001,-0.0908
2.46,-0.04469,0.00622,-0.0018,-0.099
2.47,-0.04492,0.00628,-0.0003,-0.0929
2.48,-0.04514,0.00624,-0.0031,-0.0866
2.49,-0.04537,0.00624,-0.0014,-0.1082
2.5,-0.04559,0.00629,-0.0028,-0.1033
2.51,-0.04582,0.00623,-0.0052,-0.107
2.52,-0.04604,0.00622,-0.0028,-0.0987
2.53,-0.04627,0.00624,-0.0041,-0.1132
2.54,-0.04649,0.00624,-0.0067,-0.1234
2.55,-0.0467,0.00623,-0.0066,-0.108
2.56,-0.04692,0.00627,-0.0048,-0.1172
2.57,-0.04714,0.00631,-0.0088,-0.1202
2.58,-0.04735,0.00623,-0.01,-0.1246
2.59,-0.04757,0.00628,-0.0164,-0.1138
2.6,-0.04778,0.0062,-0.0174,-0.1203
2.61,-0.04799,0.00596,-0.0193,-0.1307
2.62,-0.0482,0.00578,-0.0187,-0.1231
2.63,-0.04841,0.00539,-0.0225,-0.1502
2.64,-0.04862,0.00506,-0.0288,-0.1152
2.65,-0.04882,0.00475,-0.034,-0.1283
2.66,-0.04903,0.00436,-0.0366,-0.1058
2.67,-0.04923,0.00372,-0.0409,-0.1363
2.68,-0.04943,0.00332,-0.0434,-0.1284
2.69,-0.04963,0.00263,-0.0471,-0.1599
2.7,-0.04983,0.00168,-0.0557,-0.1275
2.71,-0.05002,0.001,-0.0577,-0.1399
2.72,-0.05022,-9e-05,-0.0584,-0.1131
2.73,-0.05042,-0.00064,-0.0651,-0.1281
2.74,-0.05061,-0.00169,-0.069,-0.1327
2.75,-0.05079,-0.00224,-0.0736,-0.0934
2.76,-0.05098,-0.00306,-0.0775,-0.1452
2.77,-0.05117,-0.00376,-0.077,-0.1189
2.78,-0.05135,-0.00438,-0.0845,-0.1312
2.79,-0.05154,-0.00499,-0.0907,-0.1048
2.8,-0.05173,-0.00545,-0.0923,-0.1327
2.81,-0.0519,-0.00607,-0.0991,-0.0974
2.82,-0.05208,-0.00682,-0.1005,-0.1278
2.83,-0.05225,-0.0076,-0.1075,-0.12
2.84,-0.05243,-0.00859,-0.1119,-0.1253
2.85,-0.0526,-0.0096,-0.1123,-0.2196
2.86,-0.05278,-0.01072,-0.1129,-0.2106
2.87,-0.05295,-0.01191,-0.119,-0.1572
2.88,-0.05311,-0.01303,-0.1204,-0.1381
2.89,-0.05327,-0.01462,-0.1216,-0.0712
2.9,-0.05344,-0.01621,-0.1208,-0.0989
2.91,-0.0536,-0.01779,-0.1246,-0.1399
2.92,-0.05376,-0.0191,-0.1252,-0.1061
2.93,-0.05392,-0.02094,-0.1259,-0.0898
2.94,-0.05407,-0.02259,-0.1283,-0.1214
2.95,-0.05423,-0.02432,-0.128,-0.1076
2.96,-0.05437,-0.02511,-0.1292,-0.1444
2.97,-0.05452,-0.02596,-0.1318,-0.1181
2.98,-0.05467,-0.02694,-0.1371,-0.1216
2.99,-0.05482,-0.02789,-0.1386,-0.1416
3,-0.05496,-0.02893,-0.1419,-0.0944
3.01,-0.0551,-0.03394,-0.1456,-0.0665
3.02,-0.05524,-0.0354,-0.1419,-0.1152
3.03,-0.05537,-0.03715,-0.1438,-0.0488
3.04,-0.0555,-0.03884,-0.1448,-0.0471
3.05,-0.05564,-0.0406,-0.1429,-0.074
3.06,-0.05577,-0.04263,-0.1398,-0.0561
3.07,-0.0559,-0.04407,-0.1351,-0.0714
3.08,-0.05601,-0.04546,-0.1348,-0.101
3.09,-0.05613,-0.0464,-0.1324,-0.0953
3.1,-0.05625,-0.04745,-0.1355,-0.0897
3.11,-0.05636,-0.04843,-0.1363,-0.0755
3.12,-0.05648,-0.04929,-0.1344,-0.0693
3.13,-0.05659,-0.05039,-0.1351,-0.1043
3.14,-0.05669,-0.05141,-0.1347,-0.1205
3.15,-0.05677,-0.05274,-0.1354,-0.073
3.16,-0.05684,-0.05406,-0.1339,-0.0583
3.17,-0.05692,-0.05556,-0.1297,-0.0776
3.18,-0.057,-0.05686,-0.1274,-0.0443
3.19,-0.05499,-0.05867,-0.1219,-0.034
3.2,-0.05158,-0.06042,-0.1229,-0.0387
3.21,-0.05161,-0.06147,-0.1159,-0.0477
3.22,-0.05164,-0.06278,-0.1091,-0.0745
3.23,-0.05167,-0.06431,-0.1034,-0.0462
3.24,-0.0517,-0.06579,-0.0957,-0.0602
3.25,-0.05173,-0.06658,-0.0897,-0.0784
3.26,-0.05175,-0.06711,-0.0867,-0.031
3.27,-0.05173,-0.06778,-0.0849,-0.0432
3.28,-0.05167,-0.06844,-0.0807,-0.0287
3.29,-0.05159,-0.06907,-0.0777,-0.0403
3.3,-0.05151,-0.06954,-0.0724,-0.0362
3.31,-0.05143,-0.06999,-0.0724,-0.0277
3.32,-0.05135,-0.07056,-0.0667,-0.0151
3.33,-0.05126,-0.07115,-0.0659,-0.0151
3.34,-0.05111,-0.0715,-0.0613,-0.0289
3.35,-0.05093,-0.07207,-0.0567,-0.0245
3.36,-0.05074,-0.07248,-0.0522,-0.0181
3.37,-0.05055,-0.07297,-0.0527,-0.035
3.38,-0.05035,-0.07329,-0.0442,-0.0148
3.39,-0.05016,-0.07377,-0.038,-0.0217
3.4,-0.04994,-0.07397,-0.0362,-0.0157
3.41,-0.04971,-0.07445,-0.0325,-0.0207
3.42,-0.04945,-0.0746,-0.026,-0.0069
3.43,-0.04918,-0.07468,-0.0192,-0.033
3.44,-0.04892,-0.07489,-0.0157,-0.0241
3.45,-0.04866,-0.07486,-0.0078,-0.0116
3.46,-0.0484,-0.07496,-0.0013,-0.0119
3.47,-0.04813,-0.07488,0.0001,-0.0061
3.48,-0.04784,-0.07498,0.0016,-0.0075
3.49,-0.04755,-0.07501,0.0015,-0.0026
3.5,-0.04726,-0.07494,-0.0004,0.0026
3.51,-0.04697,-0.07497,-0.001,0.0104
3.52,-0.04668,-0.07494,-0.0008,0.0166
3.53,-0.04639,-0.07494,0.001,0.0018
3.54,-0.0461,-0.07489,-0.0001,0.0024
3.55,-0.04581,-0.07497,-0.0015,0.0159
3.56,-0.04552,-0.07492,0.001,0.0149
3.57,-0.04522,-0.07493,0.0012,0.0164
3.58,-0.04493,-0.07497,0,0.0215
3.59,-0.04464,-0.07495,0.0015,0.0185
3.6,-0.04434,-0.07493,0.0003,0.0177
3.61,-0.04405,-0.07492,0.0001,0.0111
3.62,-0.04376,-0.07499,0.0008,0.0111
3.63,-0.04347,-0.07491,0.0003,0.0186
3.64,-0.04318,-0.07485,-0.0004,0.0203
3.65,-0.04289,-0.07492,0.0004,0.0349
3.66,-0.0426,-0.07491,-0.0005,0.0395
3.67,-0.04231,-0.07493,-0.0009,0.028
3.68,-0.04203,-0.07486,-0.0009,0.0251
3.69,-0.04174,-0.07495,-0.0013,0.0331
3.7,-0.04146,-0.07494,0.0014,0.0392
3.71,-0.04117,-0.07488,-0.0015,0.0355
3.72,-0.04089,-0.07492,-0.0014,0.0459
3.73,-0.0406,-0.07489,-0.0009,0.0473
3.74,-0.04032,-0.07498,-0.0003,0.0493
3.75,-0.04004,-0.07494,0.0002,0.0506
3.76,-0.03977,-0.07504,-0.001,0.0603
3.77,-0.03949,-0.07487,0.0008,0.0617
3.78,-0.03921,-0.07484,0.0005,0.0489
3.79,-0.03893,-0.07491,0.0006,0.0532
3.8,-0.03865,-0.07497,0.001,0.0766
3.81,-0.03838,-0.07487,0.0028,0.0677
3.82,-0.0381,-0.07489,-0.0003,0.0719
3.83,-0.03783,-0.07495,-0.002,0.0618
3.84,-0.03756,-0.07496,0.0016,0.0594
3.85,-0.03729,-0.07485,0.0008,0.0643
3.86,-0.03701,-0.07488,0.0025,0.0598
3.87,-0.03674,-0.07499,0.0019,0.0736
3.88,-0.03647,-0.07486,0.0017,0.0803
3.89,-0.03621,-0.07489,-0.0006,0.0732
3.9,-0.03594,-0.07501,0.0005,0.0777
3.91,-0.03567,-0.07488,-0.0013,0.0868
3.92,-0.03541,-0.07492,0.001,0.0885
3.93,-0.03514,-0.07492,0.0002,0.0786
3.94,-0.03488,-0.07493,0.0009,0.0959
3.95,-0.03462,-0.07493,-0.0008,0.089
3.96,-0.03436,-0.07493,0.0007,0.0957
3.97,-0.0341,-0.07486,-0.0007,0.0792
3.98,-0.03384,-0.07491,-0.0009,0.0911
3.99,-0.03358,-0.07493,-0.0015,0.1023
4,-0.03331,-0.0749,0.0019,0.0876
4.01,-0.03306,-0.07487,0.0009,0.107
4.02,-0.03281,-0.07489,0.0008,0.1081
4.03,-0.03256,-0.07491,0,0.0996
4.04,-0.03231,-0.07488,0.0012,0.1096
4.05,-0.03205,-0.07484,0.001,0.1006
4.06,-0.0318,-0.0749,-0.0001,0.1104
4.07,-0.03155,-0.07487,0.0007,0.127
4.08,-0.03131,-0.07494,0.0017,0.1147
4.09,-0.03106,-0.07501,-0.0014,0.1115
4.1,-0.03082,-0.07489,0,0.1226
4.11,-0.03057,-0.07495,-0.002,0.1167
4.12,-0.03033,-0.07493,-0.0011,0.1351
4.13,-0.03008,-0.07491,-0.0016,0.1274
4.14,-0.02984,-0.07491,-0.0005,0.1412
4.15,-0.0296,-0.07486,-0.0026,0.1313
4.16,-0.02936,-0.07495,0.0001,0.137
4.17,-0.02912,-0.07496,-0.0007,0.1488
4.18,-0.02888,-0.07491,0.0018,0.1411
4.19,-0.02864,-0.0749,0.0006,0.1513
4.2,-0.02841,-0.0748,0.0049,0.1491
4.21,-0.02817,-0.07485,0.0035,0.1535
4.22,-0.02794,-0.0749,0.0012,0.1538
4.23,-0.02771,-0.07489,0.0044,0.149
4.24,-0.02748,-0.07487,0.0017,0.1627
4.25,-0.02725,-0.07488,0.0075,0.1613
4.26,-0.02701,-0.07475,0.0042,0.1631
4.27,-0.02678,-0.07486,0.0066,0.1734
4.28,-0.02656,-0.07469,0.0092,0.1671
4.29,-0.02633,-0.07456,0.0115,0.1771
4.3,-0.02611,-0.07448,0.0143,0.1394
4.31,-0.02588,-0.07433,0.0157,0.1617
4.32,-0.02566,-0.07408,0.0217,0.1528
4.33,-0.02544,-0.07382,0.023,0.1877
4.34,-0.02522,-0.0737,0.0228,0.1779
4.35,-0.025,-0.0734,0.0264,0.1889
4.36,-0.02478,-0.07318,0.0309,0.1417
4.37,-0.02456,-0.0728,0.0333,0.1295
4.38,-0.02435,-0.07252,0.0387,0.1725
4.39,-0.02413,-0.07214,0.0439,0.1895
4.4,-0.02391,-0.07185,0.0475,0.1832
4.41,-0.0237,-0.07131,0.0525,0.1665
4.42,-0.02349,-0.0709,0.0549,0.1421
4.43,-0.02328,-0.07041,0.0615,0.1541
4.44,-0.02308,-0.06984,0.0697,0.1934
4.45,-0.02287,-0.06941,0.0743,0.162
4.46,-0.02266,-0.06869,0.0801,0.1609
4.47,-0.02245,-0.06818,0.0887,0.1784
4.48,-0.02225,-0.06745,0.0942,0.1479
4.49,-0.02205,-0.06686,0.1052,0.1743
4.5,-0.02185,-0.06613,0.1066,0.1286
4.51,-0.02165,-0.06474,0.1193,0.1242
4.52,-0.02145,-0.06357,0.1326,0.1784
4.53,-0.02126,-0.06159,0.1419,0.1784
4.54,-0.02107,-0.05988,0.153,0.1786
4.55,-0.02088,-0.05802,0.1547,0.161
4.56,-0.0207,-0.05566,0.158,0.1767
4.57,-0.02051,-0.05383,0.1572,0.1554
4.58,-0.02033,-0.05223,0.1551,0.1151
4.59,-0.02015,-0.05065,0.1557,0.1072
4.6,-0.01998,-0.04958,0.1599,0.1297
4.61,-0.01982,-0.0482,0.1677,0.1483
4.62,-0.01968,-0.04721,0.1681,0.1333
4.63,-0.01954,-0.04603,0.1707,0.104
4.64,-0.0194,-0.04442,0.1749,0.1042
4.65,-0.01926,-0.04293,0.1833,0.1014
4.66,-0.01913,-0.04019,0.1937,0.1682
4.67,-0.01901,-0.03802,0.1997,0.1641
4.68,-0.01895,-0.03539,0.1981,0.0812
4.69,-0.01889,-0.0329,0.1965,0.1811
4.7,-0.01883,-0.03077,0.1901,0.1047
4.71,-0.01877,-0.02913,0.1889,0.0888
4.72,-0.01871,-0.02765,0.1901,0.0866
4.73,-0.01867,-0.02625,0.1929,0.1244
4.74,-0.01864,-0.02488,0.1923,0.0888
4.75,-0.01866,-0.02328,0.1898,0.0778
4.76,-0.01867,-0.02158,0.1966,0.082
4.77,-0.01868,-0.01963,0.2021,0.0997
4.78,-0.01869,-0.01701,0.2101,0.1772
4.79,-0.0208,-0.01392,0.2064,0.1722
4.8,-0.02429,-0.0113,0.1941,0.0757
4.81,-0.02437,-0.00935,0.1838,0.0289
4.82,-0.02446,-0.0076,0.1792,0.0315
4.83,-0.02454,-0.0063,0.1777,0.0376
4.84,-0.02462,-0.00512,0.175,0.0377
4.85,-0.02471,-0.00393,0.1698,0.0371
4.86,-0.02479,-0.00273,0.1657,0.0341
4.87,-0.02492,-0.00143,0.1634,0.031
4.88,-0.02509,0.0012,0.1608,0.0232
4.89,-0.02528,0.00248,0.1632,0.0431
4.9,-0.02547,0.0047,0.1606,0.0434
4.91,-0.02565,0.00678,0.1551,0.0588
4.92,-0.02584,0.00869,0.1469,0.0282
4.93,-0.02603,0.01041,0.1334,0.0089
4.94,-0.02625,0.01178,0.127,-0.0023
4.95,-0.02649,0.01281,0.1223,-0.0037
4.96,-0.02672,0.01376,0.1113,-0.0126
4.97,-0.02696,0.0145,0.1036,-0.0016
4.98,-0.0272,0.01517,0.0949,0.0022
4.99,-0.02744,0.01575,0.0853,0.0036
5,-0.02768,0.01625,0.078,0.0002
5.01,-0.02793,0.0178,0.0462,-0.0089
5.02,-0.02819,0.01822,0.038,-0.0085
5.03,-0.02845,0.01841,0.0334,-0.0075
5.04,-0.02871,0.01883,0.0214,-0.0273
5.05,-0.02896,0.01897,0.0155,-0.0251
5.06,-0.02922,0.01898,0.0063,-0.0034
5.07,-0.02948,0.01906,0.0017,-0.0256
5.08,-0.02975,0.019,-0.0024,-0.0359
5.09,-0.03001,0.01902,0.0019,-0.0472
5.1,-0.03028,0.01895,-0.0015,-0.051
5.11,-0.03054,0.01901,-0.0001,-0.0422
5.12,-0.03081,0.01899,0.0017,-0.0482
5.13,-0.03107,0.01906,-0.0021,-0.0548
5.14,-0.03134,0.01895,0.0018,-0.0544
5.15,-0.03161,0.01894,-0.0012,-0.0561
5.16,-0.03188,0.01895,-0.0007,-0.0542
5.17,-0.03215,0.01894,-0.0007,-0.0524
5.18,-0.03241,0.01898,-0.0001,-0.0571
5.19,-0.03268,0.01904,-0.0023,-0.063
5.2,-0.03295,0.01894,-0.0023,-0.0581
5.21,-0.03322,0.01893,-0.0008,-0.0717
5.22,-0.03349,0.01896,0.0012,-0.0731
5.23,-0.03376,0.01896,0.0016,-0.0811
5.24,-0.03402,0.01905,0.0009,-0.0671
5.25,-0.03429,0.01893,-0,-0.0866
5.26,-0.03456,0.01896,-0.0001,-0.0816
5.27,-0.03483,0.01897,-0.0019,-0.0875
5.28,-0.03509,0.01896,-0.0016,-0.0887
5.29,-0.03536,0.01905,-0.0024,-0.0917
5.3,-0.03563,0.01905,-0.0039,-0.0825
5.31,-0.03589,0.01907,-0.0014,-0.096
5.32,-0.03616,0.01894,-0.0038,-0.1076
5.33,-0.03643,0.01887,-0.0056,-0.1014
5.34,-0.03669,0.01893,-0.0038,-0.1085
5.35,-0.03695,0.01868,-0.0082,-0.1075
5.36,-0.03721,0.01868,-0.0079,-0.1005
5.37,-0.03748,0.01853,-0.0103,-0.1053
5.38,-0.03774,0.01835,-0.0156,-0.1139
5.39,-0.038,0.01814,-0.021,-0.0911
5.4,-0.03826,0.01799,-0.0173,-0.1076
5.41,-0.03852,0.01784,-0.0219,-0.1171
5.42,-0.03878,0.01743,-0.0267,-0.1023
5.43,-0.03904,0.01722,-0.0292,-0.1022
5.44,-0.03929,0.01701,-0.0334,-0.1109
5.45,-0.03955,0.01685,-0.04,-0.0993
5.46,-0.03981,0.01655,-0.0391,-0.107
5.47,-0.04006,0.01607,-0.0415,-0.1235
5.48,-0.04031,0.01588,-0.0494,-0.1181
5.49,-0.04057,0.01551,-0.0526,-0.1252
5.5,-0.04082,0.01523,-0.0627,-0.0757
5.51,-0.04107,0.01485,-0.0615,-0.1514
5.52,-0.04132,0.01434,-0.0671,-0.1318
5.53,-0.04157,0.01383,-0.0715,-0.1464
5.54,-0.04182,0.01333,-0.0759,-0.1076
5.55,-0.04206,0.01284,-0.0789,-0.1654
5.56,-0.04231,0.01191,-0.0828,-0.1523
5.57,-0.04255,0.01112,-0.0876,-0.1133
5.58,-0.04279,0.01018,-0.0879,-0.1353
5.59,-0.04304,0.00937,-0.0863,-0.1569
5.6,-0.04328,0.00838,-0.0908,-0.0996
5.61,-0.04352,0.00751,-0.0885,-0.1642
5.62,-0.04375,0.00616,-0.091,-0.1151
5.63,-0.04398,0.0047,-0.0946,-0.1297
5.64,-0.04422,0.00439,-0.0951,-0.0976
5.65,-0.04445,0.00259,-0.0955,-0.1363
5.66,-0.04469,0.00073,-0.1002,-0.1196
5.67,-0.04492,-0.00011,-0.1007,-0.1199
5.68,-0.04514,-0.00137,-0.1054,-0.1243
5.69,-0.04537,-0.00241,-0.1059,-0.1397
5.7,-0.04559,-0.0035,-0.1106,-0.1026
5.71,-0.04582,-0.00435,-0.111,-0.1561
5.72,-0.04604,-0.00497,-0.1144,-0.137
5.73,-0.04627,-0.00581,-0.1215,-0.1327
5.74,-0.04649,-0.00656,-0.124,-0.1459
5.75,-0.0467,-0.00772,-0.1272,-0.1043
5.76,-0.04692,-0.0088,-0.1288,-0.1616
5.77,-0.04714,-0.00994,-0.1342,-0.1434
5.78,-0.04735,-0.01128,-0.1335,-0.1322
5.79,-0.04757,-0.01262,-0.1356,-0.1269
5.8,-0.04778,-0.01433,-0.1355,-0.1022
5.81,-0.04799,-0.01614,-0.1362,-0.0414
5.82,-0.0482,-0.01764,-0.135,-0.0779
5.83,-0.04841,-0.01922,-0.1359,-0.0871
5.84,-0.04862,-0.02117,-0.1326,-0.0821
5.85,-0.04882,-0.02298,-0.133,-0.123
5.86,-0.04903,-0.02456,-0.134,-0.1271
5.87,-0.04923,-0.02538,-0.1331,-0.1178
5.88,-0.04943,-0.02625,-0.1391,-0.0889
5.89,-0.04963,-0.02729,-0.14,-0.1114
5.9,-0.04983,-0.02824,-0.1448,-0.0782
5.91,-0.05002,-0.02941,-0.1419,-0.1404
5.92,-0.05022,-0.03063,-0.1433,-0.1219
5.93,-0.05042,-0.03191,-0.1444,-0.1225
5.94,-0.05061,-0.03379,-0.1458,-0.0861
5.95,-0.05079,-0.0354,-0.1421,-0.0778
5.96,-0.05098,-0.03688,-0.1422,-0.0517
5.97,-0.05117,-0.03871,-0.1424,-0.07
5.98,-0.05135,-0.04029,-0.1374,-0.0865
5.99,-0.05154,-0.04251,-0.1326,-0.0856
6,-0.05173,-0.04358,-0.1298,-0.0533
6.01,-0.0519,-0.04757,-0.1266,-0.0609
6.02,-0.05208,-0.04847,-0.1262,-0.0575
6.03,-0.05225,-0.04929,-0.1251,-0.0643
6.04,-0.05243,-0.05021,-0.1271,-0.055
6.05,-0.0526,-0.05124,-0.1239,-0.0844
6.06,-0.05278,-0.05219,-0.1216,-0.0641
6.07,-0.05295,-0.05356,-0.1187,-0.0785
6.08,-0.05311,-0.05496,-0.1174,-0.0498
6.09,-0.05327,-0.05588,-0.1122,-0.0544
6.1,-0.05344,-0.05749,-0.113,-0.0297
6.11,-0.0536,-0.05871,-0.1043,-0.0409
6.12,-0.05376,-0.05991,-0.1031,-0.0352
6.13,-0.05392,-0.06104,-0.0966,-0.0444
6.14,-0.05407,-0.06247,-0.0913,-0.0301
6.15,-0.05423,-0.06337,-0.0867,-0.0242
6.16,-0.05437,-0.06461,-0.0805,-0.0537
6.17,-0.05452,-0.06571,-0.0748,-0.0489
6.18,-0.05467,-0.06628,-0.0693,-0.0483
6.19,-0.05482,-0.06682,-0.066,-0.0391
6.2,-0.05496,-0.06724,-0.0608,-0.0388
6.21,-0.0551,-0.0677,-0.0578,-0.047
6.22,-0.05524,-0.0681,-0.0556,-0.0402
6.23,-0.05537,-0.06858,-0.0508,-0.0278
6.24,-0.0555,-0.06899,-0.0474,-0.0343
6.25,-0.05564,-0.06924,-0.049,-0.0258
6.26,-0.05577,-0.06963,-0.0426,-0.0347
6.27,-0.0559,-0.06992,-0.0363,-0.0234
6.28,-0.05601,-0.07012,-0.0346,-0.0245
6.29,-0.05613,-0.07027,-0.0348,-0.0267
6.3,-0.05625,-0.07048,-0.0311,-0.0367
6.31,-0.05636,-0.07085,-0.0292,-0.0397
6.32,-0.05648,-0.07107,-0.0268,-0.0439
6.33,-0.05659,-0.07124,-0.0227,-0.0369
6.34,-0.05669,-0.07143,-0.0217,-0.0267
6.35,-0.05677,-0.07169,-0.0197,-0.0388
6.36,-0.05684,-0.07175,-0.0165,-0.0343
6.37,-0.05692,-0.0719,-0.0148,-0.0357
6.38,-0.057,-0.07198,-0.0119,-0.0223
6.39,-0.05499,-0.07203,-0.0083,-0.0254
6.4,-0.05158,-0.07198,-0.0029,-0.0379
6.41,-0.05161,-0.07222,-0.0006,-0.0263
6.42,-0.05164,-0.07212,0,-0.0121
6.43,-0.05167,-0.07204,0.0001,-0.0409
6.44,-0.0517,-0.072,-0.0018,-0.0047
6.45,-0.05173,-0.07215,0.0007,-0.0084
6.46,-0.05175,-0.07201,0.0009,-0.0225
6.47,-0.05173,-0.07214,0.0014,-0.0098
6.48,-0.05167,-0.07207,0.0002,-0.0094
6.49,-0.05159,-0.07207,0.0009,-0.0202
6.5,-0.05151,-0.0721,-0.0007,-0.0034
6.51,-0.05143,-0.07202,-0.0005,0.0035
6.52,-0.05135,-0.07203,-0.0011,-0.0121
6.53,-0.05126,-0.07205,-0.0008,-0.0059
6.54,-0.05111,-0.07205,0.0001,-0.0101
6.55,-0.05093,-0.07203,0.0007,0.0012
6.56,-0.05074,-0.07212,-0.0003,0.0135
6.57,-0.05055,-0.07209,0.0011,0.0034
6.58,-0.05035,-0.07209,0.0007,0.0031
6.59,-0.05016,-0.07199,-0.0004,0.0123
6.6,-0.04994,-0.07204,-0.0006,0.0058
6.61,-0.04971,-0.0721,0.0009,0.0017
6.62,-0.04945,-0.07211,-0.0012,0.0074
6.63,-0.04918,-0.072,0.0001,0.0192
6.64,-0.04892,-0.07199,0.0013,0.0092
6.65,-0.04866,-0.07214,-0,0.0072
6.66,-0.0484,-0.07205,-0.0016,0.0158
6.67,-0.04813,-0.07205,-0.001,0.0149
6.68,-0.04784,-0.07205,0.0016,0.0181
6.69,-0.04755,-0.07212,0.0004,0.0295
6.7,-0.04726,-0.07203,-0.0008,0.0173
6.71,-0.04697,-0.07213,0.0012,0.0161
6.72,-0.04668,-0.07213,0.0001,0.0223
6.73,-0.04639,-0.0722,0.0003,0.0202
6.74,-0.0461,-0.07208,-0.0004,0.0084
6.75,-0.04581,-0.07202,0.0017,0.0248
6.76,-0.04552,-0.07208,0.0003,0.0328
6.77,-0.04522,-0.07202,-0.0019,0.0428
6.78,-0.04493,-0.07205,-0.0001,0.0325
6.79,-0.04464,-0.07209,0.0005,0.0281
6.8,-0.04434,-0.07215,0.0007,0.0335
6.81,-0.04405,-0.072,0.0018,0.033
6.82,-0.04376,-0.07198,-0.0007,0.0266
6.83,-0.04347,-0.07205,-0.0007,0.0264
6.84,-0.04318,-0.07209,0.0005,0.0474
6.85,-0.04289,-0.07211,0.0016,0.0391
6.86,-0.0426,-0.07207,-0,0.0374
6.87,-0.04231,-0.07202,0.0007,0.0558
6.88,-0.04203,-0.072,-0.0004,0.0466
6.89,-0.04174,-0.07205,0.0009,0.0485
6.9,-0.04146,-0.07203,0.001,0.0605
6.91,-0.04117,-0.07208,0.0007,0.0508
6.92,-0.04089,-0.07212,-0.0009,0.0578
6.93,-0.0406,-0.07201,0.0023,0.0555
6.94,-0.04032,-0.07208,0.0013,0.0699
6.95,-0.04004,-0.07204,0.0004,0.0622
6.96,-0.03977,-0.07211,-0.0014,0.0567
6.97,-0.03949,-0.07204,0.0014,0.06
6.98,-0.03921,-0.07198,-0.0002,0.0612
6.99,-0.03893,-0.07201,0,0.0694
7,-0.03865,-0.07197,0.0004,0.0697
7.01,-0.03838,-0.07208,0.0029,0.0689
7.02,-0.0381,-0.07205,0.0004,0.0721
7.03,-0.03783,-0.07204,0.002,0.0689
7.04,-0.03756,-0.07205,0.0038,0.0854
7.05,-0.03729,-0.07199,0.0027,0.0785
7.06,-0.03701,-0.07194,0.0007,0.0869
7.07,-0.03674,-0.072,0.0008,0.0923
7.08,-0.03647,-0.07194,-0.0001,0.0948
7.09,-0.03621,-0.07196,0.0001,0.087
7.1,-0.03594,-0.072,0.0012,0.0946
7.11,-0.03567,-0.07191,0.0015,0.0851
7.12,-0.03541,-0.072,0.0006,0.1016
7.13,-0.03514,-0.07192,0.0002,0.0917
7.14,-0.03488,-0.07194,0.0004,0.0997
7.15,-0.03462,-0.07195,-0.0009,0.1013
7.16,-0.03436,-0.07189,0.0003,0.111
7.17,-0.0341,-0.07192,0.0002,0.1068
7.18,-0.03384,-0.07194,-0.0015,0.1068
7.19,-0.03358,-0.07195,0.0021,0.1158
7.2,-0.03331,-0.07189,0.0003,0.1126
7.21,-0.03306,-0.07187,0.0005,0.1189
7.22,-0.03281,-0.07187,0.003,0.1119
7.23,-0.03256,-0.07185,0.0039,0.1632
7.24,-0.03231,-0.07175,0.0033,0.1239
7.25,-0.03205,-0.07179,0.0057,0.1116
7.26,-0.0318,-0.07172,0.0055,0.1266
7.27,-0.03155,-0.07162,0.0073,0.1244
7.28,-0.03131,-0.07169,0.0114,0.122
7.29,-0.03106,-0.07153,0.0125,0.1164
7.3,-0.03082,-0.0714,0.0145,0.1236
7.31,-0.03057,-0.07123,0.0164,0.1369
7.32,-0.03033,-0.07099,0.0185,0.1363
7.33,-0.03008,-0.0709,0.0195,0.1373
7.34,-0.02984,-0.07063,0.0241,0.1281
7.35,-0.0296,-0.07056,0.025,0.1514
7.36,-0.02936,-0.07019,0.027,0.1214
7.37,-0.02912,-0.07007,0.0302,0.1318
7.38,-0.02888,-0.0699,0.0332,0.1173
7.39,-0.02864,-0.06948,0.0409,0.1142
7.4,-0.02841,-0.0693,0.0432,0.1713
7.41,-0.02817,-0.0689,0.046,0.1104
7.42,-0.02794,-0.06855,0.0508,0.129
7.43,-0.02771,-0.06828,0.0546,0.1109
7.44,-0.02748,-0.06778,0.0588,0.1691
7.45,-0.02725,-0.06738,0.0639,0.1021
7.46,-0.02701,-0.06691,0.0691,0.1074
7.47,-0.02678,-0.06639,0.0752,0.1626
7.48,-0.02656,-0.06573,0.08,0.1185
7.49,-0.02633,-0.06463,0.0878,0.1271
7.5,-0.02611,-0.0634,0.097,0.1035
7.51,-0.02588,-0.06244,0.1058,0.1215
7.52,-0.02566,-0.06061,0.1126,0.134
7.53,-0.02544,-0.05938,0.1171,0.1535
7.54,-0.02522,-0.05805,0.1191,0.1613
7.55,-0.025,-0.05626,0.1182,0.1154
7.56,-0.02478,-0.05488,0.1206,0.1317
7.57,-0.02456,-0.05355,0.1179,0.1142
7.58,-0.02435,-0.05225,0.1157,0.1105
7.59,-0.02413,-0.05121,0.1121,0.1028
7.6,-0.02391,-0.05026,0.1167,0.1407
7.61,-0.0237,-0.04936,0.1145,0.0843
7.62,-0.02349,-0.04846,0.122,0.1239
7.63,-0.02328,-0.04766,0.1212,0.0851
7.64,-0.02308,-0.04706,0.1224,0.1106
7.65,-0.02287,-0.04579,0.1248,0.1198
7.66,-0.02266,-0.04466,0.1249,0.0783
7.67,-0.02245,-0.04373,0.1318,0.0871
7.68,-0.02225,-0.0424,0.1383,0.1008
7.69,-0.02205,-0.03978,0.1449,0.1281
7.7,-0.02185,-0.03834,0.1507,0.1412
7.71,-0.02165,-0.0368,0.1511,0.1563
7.72,-0.02145,-0.03484,0.1507,0.1542
7.73,-0.02126,-0.03314,0.1416,0.0816
7.74,-0.02107,-0.03152,0.1352,0.0351
7.75,-0.02088,-0.03006,0.1359,0.0604
7.76,-0.0207,-0.02906,0.1335,0.0857
7.77,-0.02051,-0.02799,0.1316,0.065
7.78,-0.02033,-0.02697,0.134,0.0685
7.79,-0.02015,-0.02597,0.1325,0.1068
7.8,-0.01998,-0.02506,0.1298,0.0577
7.81,-0.01982,-0.02416,0.1329,0.076
7.82,-0.01968,-0.02302,0.1325,0.0821
7.83,-0.01954,-0.02133,0.134,0.0797
7.84,-0.0194,-0.02008,0.139,0.0656
7.85,-0.01926,-0.01851,0.1418,0.1261
7.86,-0.01913,-0.01659,0.1413,0.0761
7.87,-0.01901,-0.01491,0.1393,0.0964
7.88,-0.01895,-0.01249,0.1335,0.1038
7.89,-0.01889,-0.0112,0.1278,0.0427
7.9,-0.01883,-0.00986,0.1203,0.0479
7.91,-0.01877,-0.00882,0.1148,0.0245
7.92,-0.01871,-0.00781,0.1134,0.0384
7.93,-0.01867,-0.00701,0.1063,0.0363
7.94,-0.01864,-0.00623,0.1029,0.0582
7.95,-0.01866,-0.00547,0.0996,0.0527
7.96,-0.01867,-0.00479,0.0949,0.0431
7.97,-0.01868,-0.00419,0.0927,0.0383
7.98,-0.01869,-0.00342,0.0868,0.0243
7.99,-0.0208,-0.00298,0.083,0.0224
8,-0.02429,-0.00219,0.0839,0.0322
8.01,-0.02437,0.00026,0.0726,0.0462
8.02,-0.02446,0.00132,0.0678,0.018
8.03,-0.02454,0.00227,0.0673,0.0169
8.04,-0.02462,0.00303,0.0598,0.0306
8.05,-0.02471,0.00372,0.0603,0.0161
8.06,-0.02479,0.00454,0.0506,0.0251
8.07,-0.02492,0.0053,0.0503,0.0237
8.08,-0.02509,0.00549,0.0395,0.0198
8.09,-0.02528,0.00622,0.0371,0.0232
8.1,-0.02547,0.00649,0.0286,0.0103
8.11,-0.02565,0.00687,0.0219,-0.0041
8.12,-0.02584,0.00705,0.0181,0.0028
8.13,-0.02603,0.00727,0.0128,0.0035
8.14,-0.02625,0.00734,0.008,-0.0031
8.15,-0.02649,0.00731,0.0012,-0.009
8.16,-0.02672,0.00733,0.0004,-0.0038
8.17,-0.02696,0.00738,-0.0025,-0.0123
8.18,-0.0272,0.00739,-0.0013,-0.0147
8.19,-0.02744,0.0074,0.0006,-0.0203
8.2,-0.02768,0.00747,-0.0006,-0.0303
8.21,-0.02793,0.00738,-0.0024,-0.0213
8.22,-0.02819,0.00739,-0.0008,-0.0337
8.23,-0.02845,0.00733,-0.0005,-0.0153
8.24,-0.02871,0.00739,-0.0022,-0.033
8.25,-0.02896,0.00739,-0.0012,-0.024
8.26,-0.02922,0.00728,0.0003,-0.0244
8.27,-0.02948,0.0073,0.0002,-0.0297
8.28,-0.02975,0.00733,0.0019,-0.0363
8.29,-0.03001,0.00742,-0.0001,-0.0278
8.3,-0.03028,0.00744,-0.0008,-0.033
8.31,-0.03054,0.00734,0,-0.0282
8.32,-0.03081,0.0074,-0.0019,-0.0316
8.33,-0.03107,0.00731,-0.0007,-0.044
8.34,-0.03134,0.00734,-0.0019,-0.0449
8.35,-0.03161,0.00737,-0.0004,-0.0472
8.36,-0.03188,0.00742,-0.0022,-0.044
8.37,-0.03215,0.00736,-0.002,-0.046
8.38,-0.03241,0.00731,-0.0009,-0.0386
8.39,-0.03268,0.00727,-0.0022,-0.0659
8.4,-0.03295,0.00731,0.0005,-0.0557
8.41,-0.03322,0.00736,-0.0005,-0.0608
8.42,-0.03349,0.00742,-0.0019,-0.065
8.43,-0.03376,0.0074,-0.0002,-0.0633
8.44,-0.03402,0.00736,-0.0006,-0.0726
8.45,-0.03429,0.00736,-0.0016,-0.0745
8.46,-0.03456,0.00722,-0.0015,-0.0712
8.47,-0.03483,0.00734,0.0004,-0.0868
8.48,-0.03509,0.00728,-0.0003,-0.0746
8.49,-0.03536,0.00733,0.0008,-0.0743
8.5,-0.03563,0.00736,0.0014,-0.0767
8.51,-0.03589,0.00737,0.0003,-0.0776
8.52,-0.03616,0.00733,0.0034,-0.085
8.53,-0.03643,0.00733,-0.0005,-0.0914
8.54,-0.03669,0.00734,0.0016,-0.0987
8.55,-0.03695,0.00731,-0.0008,-0.0802
8.56,-0.03721,0.00736,-0.0013,-0.1
8.57,-0.03748,0.00736,0.0029,-0.097
8.58,-0.03774,0.00744,-0.0032,-0.1003
8.59,-0.038,0.00735,-0.0017,-0.1001
8.6,-0.03826,0.0074,-0.0002,-0.101
8.61,-0.03852,0.00729,0.0008,-0.1003
8.62,-0.03878,0.0074,0.0005,-0.1121
8.63,-0.03904,0.00733,0.0009,-0.121
8.64,-0.03929,0.00742,-0.0007,-0.1156
8.65,-0.03955,0.00737,0.0017,-0.1188
8.66,-0.03981,0.00736,0.0004,-0.1226
8.67,-0.04006,0.0074,0.0018,-0.1382
8.68,-0.04031,0.00736,0.0003,-0.1116
8.69,-0.04057,0.0074,0.0018,-0.1396
8.7,-0.04082,0.00737,0.0005,-0.1312
8.71,-0.04107,0.00736,-0.0007,-0.1198
8.72,-0.04132,0.00746,-0.0005,-0.1195
8.73,-0.04157,0.00732,0.0025,-0.1376
8.74,-0.04182,0.00729,-0.0036,-0.1272
8.75,-0.04206,0.00738,-0.0002,-0.1413
8.76,-0.04231,0.00738,-0.001,-0.1611
8.77,-0.04255,0.00735,-0.0019,-0.1513
8.78,-0.04279,0.0074,0.0022,-0.1503
8.79,-0.04304,0.00724,0.0009,-0.1537
8.8,-0.04328,0.00728,0.0006,-0.1516
8.81,-0.04352,0.00738,-0.0013,-0.1521
8.82,-0.04375,0.00735,-0.0007,-0.1544
8.83,-0.04398,0.00733,0.001,-0.1672
8.84,-0.04422,0.00735,-0.0019,-0.166
8.85,-0.04445,0.00739,0.0006,-0.1583
8.86,-0.04469,0.00736,-0.002,-0.1665
8.87,-0.04492,0.00732,-0.0013,-0.1668
8.88,-0.04514,0.00733,-0.0051,-0.1886
8.89,-0.04537,0.00738,-0.0087,-0.1837
8.9,-0.04559,0.0074,-0.0098,-0.1878
8.91,-0.04582,0.00736,-0.0111,-0.1607
8.92,-0.04604,0.00735,-0.0205,-0.1503
8.93,-0.04627,0.00721,-0.023,-0.1795
8.94,-0.04649,0.00702,-0.0245,-0.1886
8.95,-0.0467,0.00657,-0.0307,-0.2073
8.96,-0.04692,0.00615,-0.0381,-0.1982
8.97,-0.04714,0.00566,-0.0413,-0.1591
8.98,-0.04735,0.00524,-0.0496,-0.1856
8.99,-0.04757,0.00442,-0.0586,-0.1344
9,-0.04778,0.00345,-0.0654,-0.1952
9.01,-0.04799,-0.00043,-0.0907,-0.1838
9.02,-0.0482,-0.00152,-0.098,-0.1432
9.03,-0.04841,-0.00256,-0.1034,-0.1387
9.04,-0.04862,-0.00366,-0.1088,-0.1811
9.05,-0.04882,-0.00443,-0.1167,-0.1643
9.06,-0.04903,-0.00517,-0.1244,-0.1829
9.07,-0.04923,-0.00599,-0.1292,-0.1622
9.08,-0.04943,-0.00699,-0.1386,-0.1339
9.09,-0.04963,-0.00824,-0.1455,-0.1824
9.1,-0.04983,-0.00945,-0.1502,-0.1684
9.11,-0.05002,-0.01087,-0.1538,-0.2102
9.12,-0.05022,-0.01241,-0.159,-0.1288
9.13,-0.05042,-0.0152,-0.1601,-0.149
9.14,-0.05061,-0.01634,-0.165,-0.1394
9.15,-0.05079,-0.01837,-0.1682,-0.1168
9.16,-0.05098,-0.02063,-0.1707,-0.1313
9.17,-0.05117,-0.02283,-0.171,-0.1166
9.18,-0.05135,-0.0248,-0.1749,-0.1251
9.19,-0.05154,-0.02585,-0.1766,-0.1981
9.2,-0.05173,-0.0272,-0.186,-0.1545
9.21,-0.0519,-0.02848,-0.1878,-0.1612
9.22,-0.05208,-0.03021,-0.1893,-0.1918
9.23,-0.05225,-0.03186,-0.1938,-0.1354
9.24,-0.05243,-0.03418,-0.1937,-0.1459
9.25,-0.0526,-0.03641,-0.1987,-0.0351
9.26,-0.05278,-0.03939,-0.2007,-0.0255
9.27,-0.05295,-0.04136,-0.1984,-0.0754
9.28,-0.05311,-0.0435,-0.193,-0.0944
9.29,-0.05327,-0.0457,-0.1933,-0.118
9.3,-0.05344,-0.04723,-0.1947,-0.1055
9.31,-0.0536,-0.04839,-0.1946,-0.1147
9.32,-0.05376,-0.04983,-0.1956,-0.1272
9.33,-0.05392,-0.05129,-0.1943,-0.1643
9.34,-0.05407,-0.05327,-0.1948,-0.1911
9.35,-0.05423,-0.05525,-0.1956,-0.1031
9.36,-0.05437,-0.05746,-0.1967,-0.0104
9.37,-0.05452,-0.05974,-0.1943,-0.0419
9.38,-0.05467,-0.06299,-0.1898,-0.0459
9.39,-0.05482,-0.06507,-0.181,-0.0326
9.4,-0.05496,-0.06683,-0.1769,-0.0831
9.41,-0.0551,-0.06797,-0.1743,-0.0855
9.42,-0.05524,-0.06931,-0.175,-0.0268
9.43,-0.05537,-0.07043,-0.1737,-0.035
9.44,-0.0555,-0.07192,-0.1697,-0.0637
9.45,-0.05564,-0.07331,-0.1668,-0.0415
9.46,-0.05577,-0.07491,-0.1633,-0.0687
9.47,-0.0559,-0.07635,-0.1607,-0.0414
9.48,-0.05601,-0.078,-0.1567,-0.0203
9.49,-0.05613,-0.0801,-0.1521,-0.0106
9.5,-0.05625,-0.08193,-0.1453,-0.0131
9.51,-0.05636,-0.08353,-0.1315,-0.0014
9.52,-0.05648,-0.08508,-0.1255,-0.0161
9.53,-0.05659,-0.08652,-0.1162,-0.051
9.54,-0.05669,-0.08759,-0.1067,-0.0532
9.55,-0.05677,-0.08851,-0.1047,-0.0176
9.56,-0.05684,-0.08935,-0.0976,-0.0201
9.57,-0.05692,-0.08995,-0.0959,-0.0141
9.58,-0.057,-0.0906,-0.0918,-0.0184
9.59,-0.05499,-0.09117,-0.0865,-0.0187
9.6,-0.05158,-0.09183,-0.0832,-0.0143
9.61,-0.05161,-0.09224,-0.0751,0.0041
9.62,-0.05164,-0.09289,-0.066,-0.0081
9.63,-0.05167,-0.0934,-0.063,0.0031
9.64,-0.0517,-0.09399,-0.0569,-0.0058
9.65,-0.05173,-0.09435,-0.0507,0.0196
9.66,-0.05175,-0.09482,-0.0429,-0.0007
9.67,-0.05173,-0.09531,-0.0398,0.01
9.68,-0.05167,-0.09567,-0.0299,0.0114
9.69,-0.05159,-0.09597,-0.0269,0.0273
9.7,-0.05151,-0.09614,-0.0206,0.0211
9.71,-0.05143,-0.09636,-0.0145,0.0299
9.72,-0.05135,-0.09645,-0.0062,0.0131
9.73,-0.05126,-0.09635,-0.0031,0.027
9.74,-0.05111,-0.09644,0.0014,0.0384
9.75,-0.05093,-0.09653,-0.0002,0.0196
9.76,-0.05074,-0.09649,0.0021,0.0409
9.77,-0.05055,-0.09646,-0.001,0.0428
9.78,-0.05035,-0.09655,-0.0018,0.0402
9.79,-0.05016,-0.09647,-0.0004,0.0457
9.8,-0.04994,-0.09645,0.0019,0.0488
9.81,-0.04971,-0.09653,-0.0011,0.0429
9.82,-0.04945,-0.09639,0.002,0.0553
9.83,-0.04918,-0.09647,0.002,0.0598
9.84,-0.04892,-0.09651,0.0013,0.0557
9.85,-0.04866,-0.09657,0.0004,0.037
9.86,-0.0484,-0.09643,0.0025,0.0654
9.87,-0.04813,-0.09639,0.0003,0.0667
9.88,-0.04784,-0.09653,0.0003,0.0538
9.89,-0.04755,-0.09644,0.0019,0.0661
9.9,-0.04726,-0.09647,0.0008,0.0725
9.91,-0.04697,-0.09645,0.0018,0.0745
9.92,-0.04668,-0.09649,0.0016,0.0702
9.93,-0.04639,-0.09651,0.0005,0.0786
9.94,-0.0461,-0.09651,-0.0012,0.0855
9.95,-0.04581,-0.09648,0.0006,0.081
9.96,-0.04552,-0.09649,0.0032,0.0808
9.97,-0.04522,-0.09656,0.0021,0.0854
9.98,-0.04493,-0.09646,0.001,0.0915
9.99,-0.04464,-0.09654,0.001,0.0934
10,-0.04434,-0.0964,-0.0025,0.1052
10.01,-0.04405,-0.09646,0.0003,0.1127
10.02,-0.04376,-0.09635,0.0028,0.1083
10.03,-0.04347,-0.0964,-0.0025,0.1036
10.04,-0.04318,-0.09649,-0.002,0.1111
10.05,-0.04289,-0.0964,-0.0002,0.1173
10.06,-0.0426,-0.09637,0.0018,0.1214
10.07,-0.04231,-0.09639,0.0022,0.1173
10.08,-0.04203,-0.0964,0.0021,0.136
10.09,-0.04174,-0.09636,0.0035,0.1292
10.1,-0.04146,-0.09633,0.0026,0.1096
10.11,-0.04117,-0.09628,0.0074,0.1384
10.12,-0.04089,-0.09616,0.012,0.1194
10.13,-0.0406,-0.09607,0.0097,0.1368
10.14,-0.04032,-0.09586,0.0104,0.1252
10.15,-0.04004,-0.09578,0.0134,0.1304
10.16,-0.03977,-0.0957,0.0156,0.1624
10.17,-0.03949,-0.09556,0.0155,0.1598
10.18,-0.03921,-0.09531,0.0186,0.1748
10.19,-0.03893,-0.09493,0.0172,0.171
10.2,-0.03865,-0.09481,0.0201,0.1586
10.21,-0.03838,-0.09459,0.023,0.1219
10.22,-0.0381,-0.09441,0.0227,0.1172
10.23,-0.03783,-0.09405,0.0262,0.1874
10.24,-0.03756,-0.09388,0.0275,0.1157
10.25,-0.03729,-0.0936,0.0308,0.1365
10.26,-0.03701,-0.09335,0.0318,0.1462
10.27,-0.03674,-0.09305,0.0344,0.1714
10.28,-0.03647,-0.09275,0.0386,0.1342
10.29,-0.03621,-0.0925,0.041,0.1745
10.3,-0.03594,-0.09222,0.0484,0.1449
10.31,-0.03567,-0.09177,0.0483,0.1569
10.32,-0.03541,-0.09142,0.0573,0.1506
10.33,-0.03514,-0.09101,0.0602,0.1667
10.34,-0.03488,-0.0904,0.0696,0.2026
10.35,-0.03462,-0.09,0.0727,0.1849
10.36,-0.03436,-0.08939,0.0768,0.147
10.37,-0.0341,-0.08878,0.0841,0.1565
10.38,-0.03384,-0.08822,0.0899,0.1446
10.39,-0.03358,-0.0873,0.1004,0.1561
10.4,-0.03331,-0.08642,0.1062,0.1356
10.41,-0.03306,-0.08522,0.116,0.1516
10.42,-0.03281,-0.08427,0.1258,0.1352
10.43,-0.03256,-0.08204,0.1395,0.1373
10.44,-0.03231,-0.08094,0.147,0.1353
10.45,-0.03205,-0.07875,0.1549,0.2118
10.46,-0.0318,-0.0764,0.152,0.1864
10.47,-0.03155,-0.07501,0.1507,0.2012
10.48,-0.03131,-0.07337,0.15,0.147
10.49,-0.03106,-0.07199,0.1489,0.0979
10.5,-0.03082,-0.07063,0.1518,0.0978
10.51,-0.03057,-0.06953,0.1563,0.1548
10.52,-0.03033,-0.06827,0.1612,0.1249
10.53,-0.03008,-0.06718,0.1624,0.1096
10.54,-0.02984,-0.06607,0.1692,0.1523
10.55,-0.0296,-0.06447,0.1783,0.1263
10.56,-0.02936,-0.06235,0.1863,0.1169
10.57,-0.02912,-0.05982,0.1951,0.1618
10.58,-0.02888,-0.05739,0.2017,0.2356
10.59,-0.02864,-0.05476,0.1932,0.101
10.6,-0.02841,-0.05272,0.1905,0.0817
10.61,-0.02817,-0.05085,0.1868,0.0875
10.62,-0.02794,-0.04924,0.1903,0.1119
10.63,-0.02771,-0.04798,0.1911,0.1143
10.64,-0.02748,-0.04685,0.1916,0.074
10.65,-0.02725,-0.04527,0.1925,0.0553
10.66,-0.02701,-0.04351,0.1963,0.0713
10.67,-0.02678,-0.04148,0.2058,0.0931
10.68,-0.02656,-0.0381,0.2155,0.1792
10.69,-0.02633,-0.0357,0.2118,0.1351
10.7,-0.02611,-0.03333,0.2052,0.1039
10.71,-0.02588,-0.03093,0.1982,0.0681
10.72,-0.02566,-0.02928,0.1914,0.0087
10.73,-0.02544,-0.02767,0.1905,0.0449
10.74,-0.02522,-0.02636,0.1938,0.083
10.75,-0.025,-0.02505,0.19,0.0655
10.76,-0.02478,-0.02337,0.1865,0.0552
10.77,-0.02456,-0.02164,0.1886,0.0744
10.78,-0.02435,-0.01981,0.1944,0.0915
10.79,-0.02413,-0.01747,0.1953,0.0842
10.8,-0.02391,-0.0145,0.1913,0.0568
10.81,-0.0237,-0.01206,0.1833,0.0445
10.82,-0.02349,-0.00996,0.1749,0.0485
10.83,-0.02328,-0.0082,0.1694,0.0386
10.84,-0.02308,-0.00713,0.1624,0.0022
10.85,-0.02287,-0.00584,0.1624,0.0358
10.86,-0.02266,-0.00469,0.1568,0.0281
10.87,-0.02245,-0.00373,0.1461,0.03
10.88,-0.02225,-0.0027,0.1455,-0.0009
10.89,-0.02205,-0.00151,0.1438,0.0325
10.9,-0.02185,0.00047,0.1398,0.0146
10.91,-0.02165,0.00208,0.1392,0.0537
10.92,-0.02145,0.00412,0.1373,0.0255
10.93,-0.02126,0.00538,0.1321,0.0298
10.94,-0.02107,0.00695,0.1261,0.0828
10.95,-0.02088,0.00846,0.1141,0.0087
10.96,-0.0207,0.01007,0.1044,0.0011
10.97,-0.02051,0.01117,0.0998,0.0137
10.98,-0.02033,0.01199,0.0929,0.0037
10.99,-0.02015,0.01289,0.0838,-0.0051
11,-0.01998,0.01351,0.077,-0.0039
11.01,-0.01982,0.01501,0.049,0.0164
11.02,-0.01968,0.01532,0.0398,0.0219
11.03,-0.01954,0.01544,0.0325,0.0052
11.04,-0.0194,0.01564,0.0259,0.0003
11.05,-0.01926,0.01584,0.0158,-0.0044
11.06,-0.01913,0.01594,0.0051,-0.0025
11.07,-0.01901,0.01594,0.001,-0.0045
11.08,-0.01895,0.01595,-0.003,-0.003
11.09,-0.01889,0.01594,0.0012,-0.0069
11.1,-0.01883,0.01582,-0.0021,-0.0102
11.11,-0.01877,0.0159,-0.0012,0.0005
11.12,-0.01871,0.01582,-0.001,-0.0202
11.13,-0.01867,0.01595,-0.0017,-0.0254
11.14,-0.01864,0.01596,0.0018,-0.0197
11.15,-0.01866,0.01595,-0.0005,-0.0133
11.16,-0.01867,0.01596,0.001,-0.0168
11.17,-0.01868,0.016,-0.0014,-0.026
11.18,-0.01869,0.0159,0.0036,-0.0308
11.19,-0.0208,0.01591,0.0014,-0.0336
11.2,-0.02429,0.01591,-0.0004,-0.0227
11.21,-0.02437,0.016,-0.0015,-0.0477
11.22,-0.02446,0.01585,0.0012,-0.0382
11.23,-0.02454,0.01591,-0.0021,-0.0516
11.24,-0.02462,0.01585,0.0004,-0.0546
11.25,-0.02471,0.01589,0.0024,-0.0546
11.26,-0.02479,0.01592,0.0006,-0.0529
11.27,-0.02492,0.01595,0.0006,-0.0512
11.28,-0.02509,0.01587,0.0034,-0.0587
11.29,-0.02528,0.01601,0.002,-0.0648
11.3,-0.02547,0.01594,-0.0021,-0.0657
11.31,-0.02565,0.01582,0.0011,-0.0575
11.32,-0.02584,0.01589,-0.0005,-0.0578
11.33,-0.02603,0.016,-0.0021,-0.0584
11.34,-0.02625,0.01589,-0.0021,-0.0731
11.35,-0.02649,0.01588,-0.0025,-0.0672
11.36,-0.02672,0.01591,-0.0044,-0.0677
11.37,-0.02696,0.01597,-0.0004,-0.0724
11.38,-0.0272,0.01585,-0.0024,-0.0805
11.39,-0.02744,0.01579,-0.0033,-0.071
11.4,-0.02768,0.0158,-0.0057,-0.0796
11.41,-0.02793,0.01581,-0.0034,-0.0767
11.42,-0.02819,0.01577,-0.001,-0.0803
11.43,-0.02845,0.01567,-0.0046,-0.0895
11.44,-0.02871,0.01569,-0.0052,-0.0917
11.45,-0.02896,0.01556,-0.009,-0.0975
11.46,-0.02922,0.0155,-0.013,-0.0801
11.47,-0.02948,0.01546,-0.0143,-0.0982
11.48,-0.02975,0.01535,-0.0171,-0.0981
11.49,-0.03001,0.01519,-0.021,-0.086
11.5,-0.03028,0.0151,-0.0245,-0.0674
11.51,-0.03054,0.01485,-0.0255,-0.1194
11.52,-0.03081,0.01454,-0.0307,-0.0941
11.53,-0.03107,0.01444,-0.0353,-0.0901
11.54,-0.03134,0.01427,-0.0345,-0.1081
11.55,-0.03161,0.01393,-0.0416,-0.1139
11.56,-0.03188,0.01364,-0.0421,-0.087
11.57,-0.03215,0.01344,-0.0422,-0.1241
11.58,-0.03241,0.01308,-0.0473,-0.1094
11.59,-0.03268,0.01255,-0.0472,-0.1019
11.6,-0.03295,0.01208,-0.0501,-0.0887
11.61,-0.03322,0.01154,-0.0533,-0.1121
11.62,-0.03349,0.01095,-0.0542,-0.1191
11.63,-0.03376,0.01034,-0.0549,-0.1254
11.64,-0.03402,0.00975,-0.0558,-0.0981
11.65,-0.03429,0.00927,-0.0571,-0.1101
11.66,-0.03456,0.00872,-0.0545,-0.1547
11.67,-0.03483,0.00818,-0.0537,-0.1352
11.68,-0.03509,0.00758,-0.05,-0.1027
11.69,-0.03536,0.00689,-0.054,-0.1038
11.7,-0.03563,0.00621,-0.0528,-0.1411
11.71,-0.03589,0.00567,-0.0537,-0.1195
11.72,-0.03616,0.00486,-0.0567,-0.0993
11.73,-0.03643,0.00404,-0.0567,-0.1279
11.74,-0.03669,0.00359,-0.0605,-0.1008
11.75,-0.03695,0.00276,-0.0593,-0.1291
11.76,-0.03721,0.00168,-0.0606,-0.0875
11.77,-0.03748,0.00097,-0.064,-0.1474
11.78,-0.03774,-0.00016,-0.0651,-0.1107
11.79,-0.038,-0.0009,-0.0669,-0.1362
11.8,-0.03826,-0.00188,-0.0664,-0.1215
11.81,-0.03852,-0.00245,-0.0724,-0.1204
11.82,-0.03878,-0.00305,-0.0723,-0.1386
11.83,-0.03904,-0.00378,-0.0759,-0.1141
11.84,-0.03929,-0.00436,-0.0802,-0.0849
11.85,-0.03955,-0.00479,-0.0807,-0.1084
11.86,-0.03981,-0.00552,-0.0859,-0.1125
11.87,-0.04006,-0.0059,-0.0888,-0.1106
11.88,-0.04031,-0.00655,-0.0946,-0.1041
11.89,-0.04057,-0.00733,-0.0971,-0.1075
11.9,-0.04082,-0.00818,-0.1019,-0.1154
11.91,-0.04107,-0.0091,-0.1017,-0.1606
11.92,-0.04132,-0.01,-0.1047,-0.1316
11.93,-0.04157,-0.01096,-0.1028,-0.1252
11.94,-0.04182,-0.01208,-0.1047,-0.1239
11.95,-0.04206,-0.01302,-0.1061,-0.1115
11.96,-0.04231,-0.01433,-0.1015,-0.1706
11.97,-0.04255,-0.01619,-0.1065,-0.0876
11.98,-0.04279,-0.01739,-0.106,-0.0968
11.99,-0.04304,-0.01839,-0.1079,-0.0677
12,-0.04328,-0.01984,-0.1048,-0.0705
12.01,-0.04352,-0.02451,-0.1038,-0.1351
12.02,-0.04375,-0.02517,-0.1074,-0.1038
12.03,-0.04398,-0.02577,-0.1077,-0.0857
12.04,-0.04422,-0.02661,-0.1109,-0.1097
12.05,-0.04445,-0.02728,-0.1147,-0.0731
12.06,-0.04469,-0.02817,-0.1152,-0.0685
12.07,-0.04492,-0.02898,-0.1165,-0.0745
12.08,-0.04514,-0.0301,-0.114,-0.1115
12.09,-0.04537,-0.03106,-0.1153,-0.1016
12.1,-0.04559,-0.03228,-0.1164,-0.0709
12.11,-0.04582,-0.03359,-0.1145,-0.0858
12.12,-0.04604,-0.0347,-0.1115,-0.1204
12.13,-0.04627,-0.03616,-0.108,-0.082
12.14,-0.04649,-0.03748,-0.1122,-0.0353
12.15,-0.0467,-0.03882,-0.1052,-0.0601
12.16,-0.04692,-0.03999,-0.1052,-0.0684
12.17,-0.04714,-0.04161,-0.0998,-0.067
12.18,-0.04735,-0.04253,-0.0994,-0.0822
12.19,-0.04757,-0.04364,-0.0971,-0.0529
12.2,-0.04778,-0.04469,-0.0951,-0.0604
12.21,-0.04799,-0.04559,-0.0922,-0.0581
12.22,-0.0482,-0.04646,-0.0923,-0.0873
12.23,-0.04841,-0.04718,-0.0913,-0.0644
12.24,-0.04862,-0.04774,-0.0897,-0.0864
12.25,-0.04882,-0.04845,-0.0892,-0.0563
12.26,-0.04903,-0.04886,-0.0909,-0.0685
12.27,-0.04923,-0.04958,-0.0915,-0.0693
12.28,-0.04943,-0.0502,-0.0894,-0.0578
12.29,-0.04963,-0.05095,-0.0882,-0.0365
12.3,-0.04983,-0.0516,-0.0881,-0.0715
12.31,-0.05002,-0.05243,-0.0849,-0.098
12.32,-0.05022,-0.05345,-0.0836,-0.0705
12.33,-0.05042,-0.05414,-0.0809,-0.0545
12.34,-0.05061,-0.05504,-0.0775,-0.0386
12.35,-0.05079,-0.05568,-0.0732,-0.0689
12.36,-0.05098,-0.05654,-0.0708,-0.0461
12.37,-0.05117,-0.05726,-0.0667,-0.0374
12.38,-0.05135,-0.05799,-0.0616,-0.0473
12.39,-0.05154,-0.05887,-0.0562,-0.041
12.4,-0.05173,-0.05948,-0.0546,-0.0494
12.41,-0.0519,-0.05996,-0.0502,-0.0535
12.42,-0.05208,-0.06052,-0.0462,-0.0542
12.43,-0.05225,-0.06098,-0.0402,-0.0632
12.44,-0.05243,-0.06179,-0.0362,-0.0574
12.45,-0.0526,-0.06202,-0.0321,-0.0552
12.46,-0.05278,-0.06259,-0.0252,-0.0459
12.47,-0.05295,-0.06275,-0.022,-0.0624
12.48,-0.05311,-0.063,-0.0177,-0.049
12.49,-0.05327,-0.06321,-0.0141,-0.0405
12.5,-0.05344,-0.06332,-0.0076,-0.0547
12.51,-0.0536,-0.06341,-0.0079,-0.0534
12.52,-0.05376,-0.06358,-0.0036,-0.058
12.53,-0.05392,-0.06355,-0.0006,-0.0512
12.54,-0.05407,-0.06362,0.0001,-0.0423
12.55,-0.05423,-0.0636,0.0003,-0.0495
12.56,-0.05437,-0.06363,0.0004,-0.0375
12.57,-0.05452,-0.06355,-0.0003,-0.0541
12.58,-0.05467,-0.06365,0.0008,-0.0471
12.59,-0.05482,-0.06361,-0.0008,-0.0491
12.6,-0.05496,-0.06351,-0.001,-0.0474
12.61,-0.0551,-0.06366,-0.001,-0.0501
12.62,-0.05524,-0.06353,0.001,-0.0458
12.63,-0.05537,-0.06359,0.0011,-0.0413
12.64,-0.0555,-0.06357,0.0002,-0.0382
12.65,-0.05564,-0.06362,0.0005,-0.0482
12.66,-0.05577,-0.0636,-0.002,-0.0345
12.67,-0.0559,-0.06359,0.0006,-0.0458
12.68,-0.05601,-0.06351,-0.0005,-0.0427
12.69,-0.05613,-0.06355,-0.0003,-0.0525
12.7,-0.05625,-0.06361,-0.0006,-0.028
12.71,-0.05636,-0.06363,0.0002,-0.0417
12.72,-0.05648,-0.0636,-0.0002,-0.0479
12.73,-0.05659,-0.06355,-0.003,-0.0477
12.74,-0.05669,-0.0637,-0.0004,-0.0368
12.75,-0.05677,-0.06358,-0.0016,-0.0508
12.76,-0.05684,-0.06358,-0.0002,-0.0408
12.77,-0.05692,-0.06364,0.0005,-0.0522
12.78,-0.057,-0.0636,-0.0001,-0.0441
12.79,-0.05499,-0.06363,0.0005,-0.0462
12.8,-0.05158,-0.06359,0.0004,-0.0466
12.81,-0.05161,-0.0637,0.0003,-0.0445
12.82,-0.05164,-0.06357,0.0003,-0.0374
12.83,-0.05167,-0.06362,0.0008,-0.0328
12.84,-0.0517,-0.06359,0.0015,-0.0384
12.85,-0.05173,-0.06363,-0.0006,-0.0288
12.86,-0.05175,-0.06358,-0.0006,-0.0292
12.87,-0.05173,-0.0636,-0.0009,-0.0274
12.88,-0.05167,-0.06355,0.001,-0.0155
12.89,-0.05159,-0.06361,-0.0013,-0.0293
12.9,-0.05151,-0.06361,-0.0009,-0.0238
12.91,-0.05143,-0.06356,0.0007,-0.0252
12.92,-0.05135,-0.06355,-0.0002,-0.0341
12.93,-0.05126,-0.06365,-0.0003,-0.0286
12.94,-0.05111,-0.06364,-0.0015,-0.0285
12.95,-0.05093,-0.06364,-0.0009,-0.024
12.96,-0.05074,-0.06353,-0.0011,-0.0324
12.97,-0.05055,-0.06355,-0.0014,-0.0279
12.98,-0.05035,-0.06356,-0.0011,-0.0257
12.99,-0.05016,-0.06363,0.0008,-0.02
13,-0.04994,-0.06359,0.0013,-0.0194
13.01,-0.04971,-0.06356,-0.0005,-0.0237
13.02,-0.04945,-0.06366,-0.0001,-0.0148
13.03,-0.04918,-0.06361,-0.0003,-0.0235
13.04,-0.04892,-0.06372,0.0009,-0.0165
13.05,-0.04866,-0.06356,-0.0005,-0.0199
13.06,-0.0484,-0.06357,0.0002,-0.0145
13.07,-0.04813,-0.06353,0.0018,-0.0195
13.08,-0.04784,-0.06363,-0.0006,-0.0011
13.09,-0.04755,-0.06362,0.0013,-0.0135
13.1,-0.04726,-0.06365,-0.0002,-0.005
13.11,-0.04697,-0.06366,0.0001,0.0048
13.12,-0.04668,-0.06354,-0.0011,-0.007
13.13,-0.04639,-0.06367,0.0021,-0.0116
13.14,-0.0461,-0.06357,0.0019,-0.0013
13.15,-0.04581,-0.06356,-0.0005,0.0035
13.16,-0.04552,-0.06359,0.0013,-0.003
13.17,-0.04522,-0.06363,0.0012,0.009
13.18,-0.04493,-0.06364,0.0017,-0.0002
13.19,-0.04464,-0.06359,0.0005,0.0007
13.2,-0.04434,-0.06362,0.0014,0.0058
13.21,-0.04405,-0.06358,-0.0007,0.0108
13.22,-0.04376,-0.0637,-0.0006,-0.0013
13.23,-0.04347,-0.06358,0.0003,0.0033
13.24,-0.04318,-0.06371,-0.0012,0.0081
13.25,-0.04289,-0.06361,-0.0009,0.0138
13.26,-0.0426,-0.06362,-0.0003,0.0155
13.27,-0.04231,-0.06359,-0.0008,0.009
13.28,-0.04203,-0.06367,0.001,0.0114
13.29,-0.04174,-0.06365,-0.0009,0.0224
13.3,-0.04146,-0.0637,-0.0015,0.0096
13.31,-0.04117,-0.06368,-0.0012,0.0175
13.32,-0.04089,-0.06364,0.0002,0.0127
13.33,-0.0406,-0.06365,0.0018,0.0224
13.34,-0.04032,-0.06366,-0.0006,0.0219
13.35,-0.04004,-0.06368,0.0014,0.0214
13.36,-0.03977,-0.06365,0.0006,0.0278
13.37,-0.03949,-0.06356,0.0006,0.0095
13.38,-0.03921,-0.06362,0.0012,0.0249
13.39,-0.03893,-0.06365,0.0014,0.0258
13.4,-0.03865,-0.0637,-0.0013,0.035
13.41,-0.03838,-0.06364,0.0003,0.0412
13.42,-0.0381,-0.06369,-0.0011,0.0421
13.43,-0.03783,-0.0636,0.0014,0.0313
13.44,-0.03756,-0.06358,0.0006,0.036
13.45,-0.03729,-0.06364,0.0007,0.0265
13.46,-0.03701,-0.06368,0.0011,0.0414
13.47,-0.03674,-0.06355,-0.0016,0.052
13.48,-0.03647,-0.06367,0.0018,0.044
13.49,-0.03621,-0.0636,-0.0005,0.0525
13.5,-0.03594,-0.06365,0.0013,0.0562
13.51,-0.03567,-0.0637,-0.0004,0.0503
13.52,-0.03541,-0.06359,-0.001,0.0534
13.53,-0.03514,-0.06373,0.0025,0.0416
13.54,-0.03488,-0.06367,0.0029,0.0561
13.55,-0.03462,-0.06354,0.002,0.0553
13.56,-0.03436,-0.06359,0.0032,0.0696
13.57,-0.0341,-0.06354,0.0005,0.0552
13.58,-0.03384,-0.06365,0.0027,0.0574
13.59,-0.03358,-0.06357,0.0019,0.0523
13.6,-0.03331,-0.06352,0.0043,0.0583
13.61,-0.03306,-0.06362,0.0037,0.0776
13.62,-0.03281,-0.06357,0.0061,0.0623
13.63,-0.03256,-0.06356,0.0055,0.0725
13.64,-0.03231,-0.06356,0.008,0.0761
13.65,-0.03205,-0.06355,0.0077,0.0694
13.66,-0.0318,-0.0635,0.0098,0.0677
13.67,-0.03155,-0.06336,0.0111,0.0842
13.68,-0.03131,-0.06331,0.0113,0.0917
13.69,-0.03106,-0.06312,0.0145,0.0753
13.7,-0.03082,-0.06294,0.0155,0.0772
13.71,-0.03057,-0.06273,0.0168,0.0706
13.72,-0.03033,-0.06249,0.0222,0.0722
13.73,-0.03008,-0.06207,0.0201,0.0741
13.74,-0.02984,-0.06179,0.0211,0.0848
13.75,-0.0296,-0.06157,0.026,0.0656
13.76,-0.02936,-0.06119,0.0269,0.0943
13.77,-0.02912,-0.06076,0.0311,0.0978
13.78,-0.02888,-0.06031,0.0303,0.0709
13.79,-0.02864,-0.06004,0.0327,0.0851
13.8,-0.02841,-0.05965,0.0365,0.0953
13.81,-0.02817,-0.05936,0.0391,0.1015
13.82,-0.02794,-0.05877,0.034,0.1005
13.83,-0.02771,-0.05848,0.036,0.0998
13.84,-0.02748,-0.05784,0.035,0.0929
13.85,-0.02725,-0.05739,0.0344,0.1003
13.86,-0.02701,-0.05696,0.0363,0.1043
13.87,-0.02678,-0.05648,0.0311,0.1024
13.88,-0.02656,-0.05595,0.0323,0.1114
13.89,-0.02633,-0.05562,0.0309,0.098
13.9,-0.02611,-0.05533,0.0287,0.0859
13.91,-0.02588,-0.05503,0.0272,0.0989
13.92,-0.02566,-0.05468,0.0252,0.0744
13.93,-0.02544,-0.05421,0.0225,0.1168
13.94,-0.02522,-0.05391,0.0185,0.1065
13.95,-0.025,-0.05384,0.0218,0.0926
13.96,-0.02478,-0.05364,0.0196,0.1129
13.97,-0.02456,-0.05348,0.0176,0.0854
13.98,-0.02435,-0.05334,0.0175,0.1151
13.99,-0.02413,-0.05314,0.0157,0.1051
14,-0.02391,-0.05302,0.014,0.0876
14.01,-0.0237,-0.05258,0.0088,0.1206
14.02,-0.02349,-0.05243,0.0116,0.0866
14.03,-0.02328,-0.05242,0.0089,0.1124
14.04,-0.02308,-0.05222,0.0097,0.1066
14.05,-0.02287,-0.05222,0.0073,0.1184
14.06,-0.02266,-0.05217,0.0057,0.1322
14.07,-0.02245,-0.05216,0.003,0.1194
14.08,-0.02225,-0.05199,0.0056,0.1067
14.09,-0.02205,-0.05196,0.0027,0.1215
14.1,-0.02185,-0.0521,0.0012,0.1263
14.11,-0.02165,-0.05201,-0.0001,0.126
14.12,-0.02145,-0.05196,0.0016,0.1287
14.13,-0.02126,-0.05193,-0.0011,0.1303
14.14,-0.02107,-0.052,-0.0005,0.1242
14.15,-0.02088,-0.05193,-0.0018,0.146
14.16,-0.0207,-0.052,-0.0001,0.1373
14.17,-0.02051,-0.05194,-0.0006,0.1319
14.18,-0.02033,-0.05196,-0.0008,0.1395
14.19,-0.02015,-0.05194,0.0018,0.1382
14.2,-0.01998,-0.05207,0.0007,0.1453
14.21,-0.01982,-0.05195,-0.0002,0.1356
14.22,-0.01968,-0.05202,-0,0.1809
14.23,-0.01954,-0.05205,0.0008,0.1527
14.24,-0.0194,-0.05197,-0.0014,0.1619
14.25,-0.01926,-0.05201,0.0007,0.1309
14.26,-0.01913,-0.05201,-0.0007,0.1411
14.27,-0.01901,-0.05197,0.0013,0.1536
14.28,-0.01895,-0.05196,0.0009,0.1578
14.29,-0.01889,-0.0519,0.0028,0.1425
14.3,-0.01883,-0.05203,0.0023,0.1609
14.31,-0.01877,-0.05202,0.0023,0.1483
14.32,-0.01871,-0.05191,0.0045,0.1486
14.33,-0.01867,-0.05184,0.0061,0.1598
14.34,-0.01864,-0.05178,0.0069,0.1475
14.35,-0.01866,-0.05184,0.0107,0.1641
14.36,-0.01867,-0.05163,0.0139,0.1492
14.37,-0.01868,-0.05151,0.0136,0.161
14.38,-0.01869,-0.0514,0.0165,0.1808
14.39,-0.0208,-0.05129,0.0179,0.1893
14.4,-0.02429,-0.05106,0.0209,0.1712
14.41,-0.02437,-0.05092,0.024,0.1196
14.42,-0.02446,-0.05067,0.0283,0.1711
14.43,-0.02454,-0.05045,0.0305,0.1615
14.44,-0.02462,-0.05014,0.0312,0.1171
14.45,-0.02471,-0.04988,0.0368,0.1612
14.46,-0.02479,-0.0496,0.0405,0.167
14.47,-0.02492,-0.04927,0.0429,0.1187
14.48,-0.02509,-0.04892,0.0434,0.1366
14.49,-0.02528,-0.04859,0.0567,0.1631
14.5,-0.02547,-0.04824,0.0575,0.1383
14.51,-0.02565,-0.04783,0.0574,0.108
14.52,-0.02584,-0.04747,0.06,0.1534
14.53,-0.02603,-0.0471,0.0622,0.1327
14.54,-0.02625,-0.04651,0.067,0.1071
14.55,-0.02649,-0.04595,0.0736,0.1583
14.56,-0.02672,-0.04539,0.0786,0.1162
14.57,-0.02696,-0.0446,0.0825,0.1253
14.58,-0.0272,-0.0439,0.0919,0.1138
14.59,-0.02744,-0.04259,0.0966,0.1458
14.6,-0.02768,-0.04183,0.1049,0.125
14.61,-0.02793,-0.04003,0.1092,0.1038
14.62,-0.02819,-0.0388,0.1173,0.113
14.63,-0.02845,-0.03699,0.1184,0.0976
14.64,-0.02871,-0.03592,0.1174,0.088
14.65,-0.02896,-0.03439,0.1173,0.1165
14.66,-0.02922,-0.03302,0.1134,0.1112
14.67,-0.02948,-0.03165,0.1122,0.1031
14.68,-0.02975,-0.03044,0.1076,0.0918
14.69,-0.03001,-0.02959,0.1084,0.0821
14.7,-0.03028,-0.0287,0.1071,0.0765
14.71,-0.03054,-0.02793,0.107,0.0824
14.72,-0.03081,-0.02709,0.1038,0.0722
14.73,-0.03107,-0.02631,0.1039,0.0784
14.74,-0.03134,-0.02558,0.105,0.085
14.75,-0.03161,-0.02486,0.1072,0.076
14.76,-0.03188,-0.0241,0.1048,0.054
14.77,-0.03215,-0.02314,0.1035,0.0412
14.78,-0.03241,-0.02198,0.1065,0.0693
14.79,-0.03268,-0.02108,0.1102,0.0625
14.8,-0.03295,-0.01992,0.111,0.0822
14.81,-0.03322,-0.01887,0.1146,0.1145
14.82,-0.03349,-0.01744,0.1128,0.0723
14.83,-0.03376,-0.01574,0.109,0.0802
14.84,-0.03402,-0.0142,0.1021,0.0401
14.85,-0.03429,-0.01283,0.0992,0.044
14.86,-0.03456,-0.01163,0.0943,0.0553
14.87,-0.03483,-0.01048,0.0864,0.0407
14.88,-0.03509,-0.00955,0.0837,0.0375
14.89,-0.03536,-0.00881,0.0777,0.0251
14.9,-0.03563,-0.00807,0.0719,0.016
14.91,-0.03589,-0.0076,0.0675,0.0341
14.92,-0.03616,-0.00716,0.0605,0.0189
14.93,-0.03643,-0.00667,0.0566,0.0266
14.94,-0.03669,-0.00632,0.0503,0.0251
14.95,-0.03695,-0.00581,0.0474,0.0346
14.96,-0.03721,-0.00561,0.0419,0.0213
14.97,-0.03748,-0.00537,0.0334,0.0307
14.98,-0.03774,-0.00524,0.0277,0.0403
14.99,-0.038,-0.00501,0.0225,0.0219
15,-0.03826,-0.00482,0.0165,0.0294
15.01,-0.03852,-0.00476,0.0012,0.0156
15.02,-0.03878,-0.00475,-0.0003,0.019
15.03,-0.03904,-0.00475,-0.0002,-0.0029
15.04,-0.03929,-0.0047,0.0001,0.0157
15.05,-0.03955,-0.00479,0.0025,0.0137
15.06,-0.03981,-0.00474,-0.0016,0.0062
15.07,-0.04006,-0.00472,0.0013,0.0057
15.08,-0.04031,-0.00477,-0,-0.0028
15.09,-0.04057,-0.00472,-0.0005,0.002
15.1,-0.04082,-0.00481,-0.0025,-0.0064
15.11,-0.04107,-0.00476,-0.0004,-0.0117
15.12,-0.04132,-0.00476,-0.0017,-0.0135
15.13,-0.04157,-0.00478,0.0005,0.0009
15.14,-0.04182,-0.00472,-0.0007,-0.0088
15.15,-0.04206,-0.00477,0.0011,-0.0151
15.16,-0.04231,-0.00471,0.0004,-0.0136
15.17,-0.04255,-0.00479,-0.0016,-0.016
15.18,-0.04279,-0.00486,0.0004,-0.0227
15.19,-0.04304,-0.00481,0.0021,-0.0092
15.2,-0.04328,-0.00476,-0.001,-0.0285
15.21,-0.04352,-0.00474,0.0016,-0.0282
15.22,-0.04375,-0.00474,0.0003,-0.0312
15.23,-0.04398,-0.0048,0.0014,-0.0262
15.24,-0.04422,-0.00478,0.0016,-0.0326
15.25,-0.04445,-0.0048,0.0019,-0.0252
15.26,-0.04469,-0.00473,-0.0005,-0.0402
15.27,-0.04492,-0.00473,0.0019,-0.0413
15.28,-0.04514,-0.00467,0.0016,-0.0366
15.29,-0.04537,-0.00478,-0.0008,-0.0529
15.3,-0.04559,-0.00476,-0.0017,-0.0502
15.31,-0.04582,-0.00474,-0.0009,-0.0572
15.32,-0.04604,-0.00474,0.001,-0.0521
15.33,-0.04627,-0.00485,-0.0008,-0.0623
15.34,-0.04649,-0.00473,-0.0014,-0.0548
15.35,-0.0467,-0.00475,-0.0009,-0.0518
15.36,-0.04692,-0.00473,0.0014,-0.0725
15.37,-0.04714,-0.00477,-0.0016,-0.047
15.38,-0.04735,-0.00477,-0.0016,-0.0678
15.39,-0.04757,-0.00478,0.0013,-0.0664
15.4,-0.04778,-0.0048,-0.0001,-0.058
15.41,-0.04799,-0.00481,-0.0012,-0.0801
15.42,-0.0482,-0.00473,-0.0003,-0.0644
15.43,-0.04841,-0.00469,0.0007,-0.078
15.44,-0.04862,-0.00487,-0.0011,-0.0693
15.45,-0.04882,-0.00477,-0,-0.0854
15.46,-0.04903,-0.00474,0.0003,-0.0787
15.47,-0.04923,-0.00478,-0.0042,-0.0786
15.48,-0.04943,-0.0048,-0.0019,-0.0925
15.49,-0.04963,-0.00477,-0.0033,-0.0959
15.5,-0.04983,-0.00484,-0.0022,-0.0921
15.51,-0.05002,-0.00487,-0.0056,-0.0878
15.52,-0.05022,-0.00482,-0.0055,-0.0902
15.53,-0.05042,-0.005,-0.0081,-0.08
15.54,-0.05061,-0.00507,-0.0095,-0.1084
15.55,-0.05079,-0.0052,-0.008,-0.1009
15.56,-0.05098,-0.00518,-0.0069,-0.0856
15.57,-0.05117,-0.00534,-0.0066,-0.089
15.58,-0.05135,-0.00528,-0.0106,-0.1016
15.59,-0.05154,-0.00534,-0.0155,-0.1238
15.6,-0.05173,-0.00548,-0.0173,-0.1059
15.61,-0.0519,-0.00563,-0.0224,-0.1013
15.62,-0.05208,-0.0058,-0.0265,-0.0961
15.63,-0.05225,-0.00602,-0.0284,-0.1075
15.64,-0.05243,-0.00627,-0.0314,-0.111
15.65,-0.0526,-0.00655,-0.0388,-0.0897
15.66,-0.05278,-0.00689,-0.0416,-0.1098
15.67,-0.05295,-0.00727,-0.0447,-0.1163
15.68,-0.05311,-0.00772,-0.0489,-0.1202
15.69,-0.05327,-0.00808,-0.0517,-0.1252
15.7,-0.05344,-0.00848,-0.0552,-0.1131
15.71,-0.0536,-0.00906,-0.0567,-0.112
15.72,-0.05376,-0.00956,-0.0598,-0.1377
15.73,-0.05392,-0.00998,-0.0619,-0.0928
15.74,-0.05407,-0.0107,-0.0589,-0.1257
15.75,-0.05423,-0.01134,-0.0603,-0.1373
15.76,-0.05437,-0.01186,-0.0609,-0.1007
15.77,-0.05452,-0.01249,-0.0615,-0.0952
15.78,-0.05467,-0.01312,-0.0616,-0.1092
15.79,-0.05482,-0.01394,-0.0603,-0.109
15.8,-0.05496,-0.01459,-0.0632,-0.0972
15.81,-0.0551,-0.01557,-0.0607,-0.1515
15.82,-0.05524,-0.01647,-0.0633,-0.1234
15.83,-0.05537,-0.01738,-0.0604,-0.0929
15.84,-0.0555,-0.0178,-0.0657,-0.0942
15.85,-0.05564,-0.01865,-0.0689,-0.0935
15.86,-0.05577,-0.02002,-0.0682,-0.0828
15.87,-0.0559,-0.02033,-0.0693,-0.0858
15.88,-0.05601,-0.0214,-0.0729,-0.0936
15.89,-0.05613,-0.02241,-0.0733,-0.0819
15.9,-0.05625,-0.02338,-0.0734,-0.133
15.91,-0.05636,-0.02444,-0.0738,-0.1096
15.92,-0.05648,-0.02488,-0.0776,-0.1235
15.93,-0.05659,-0.02534,-0.0805,-0.082
15.94,-0.05669,-0.02576,-0.0827,-0.0927
15.95,-0.05677,-0.02641,-0.0855,-0.0906
15.96,-0.05684,-0.02704,-0.0855,-0.1039
15.97,-0.05692,-0.02778,-0.0895,-0.1383
15.98,-0.057,-0.02837,-0.0947,-0.1041
15.99,-0.05499,-0.02925,-0.0963,-0.1168
